input,output
"[0.6751068578065273, 0.2035026414116691, 0.2728820271701553, 0.2143668142607299, 0.5909809322018247, 1.0, 0.037304716114449, 0.0883432016707342, 0.1487866071625402, 0.4260658025741577]",0
"[0.4249449091480846, 0.3328979784230554, 0.3503115378046426, 0.2229510270760126, 0.6234520293883492, -1.0, 0.0883432016707342, 0.1487866071625402, 0.3100769074997563, 0.1842346489429474]",0
"[0.423015477057872, 0.2951778165596092, 0.3099765324392378, 0.2206533220322572, 0.5979333619180147, -1.0, 0.1487866071625402, 0.3100769074997563, 0.23258444214669, 0.1893359273672104]",0
"[0.4209903004429556, 0.2465320932498714, 0.2937649512417458, 0.2429491649653978, 0.5745987111093289, -1.0, 0.3100769074997563, 0.23258444214669, 0.2070485843858822, 0.18707890808582306]",0
"[0.4184325684602384, 0.2403253619786105, 0.2895991022546516, 0.2395634054306946, 0.5484456551174808, -1.0, 0.23258444214669, 0.2070485843858822, 0.1543085657459221, 0.15737292170524597]",0
"[0.4156387849049027, 0.2586844093299647, 0.2700829580541304, 0.225014143125601, 0.5228156911452614, -1.0, 0.2070485843858822, 0.1543085657459221, 0.1652923774562973, 0.14075179398059845]",0
"[0.4124196913409613, 0.2636037886428266, 0.2938560105099752, 0.2942680370483147, 0.4959978937160171, -1.0, 0.1543085657459221, 0.1652923774562973, 0.1896407126772398, 0.1487155258655548]",0
"[0.4089800936213473, 0.2603734396231967, 0.3329779965715609, 0.3598115302301765, 0.4697202788250715, -1.0, 0.1652923774562973, 0.1896407126772398, 0.245463260475665, 0.17356599867343903]",0
"[0.4050876790324506, 0.1865259328948708, 0.2606573577703303, 0.303198267951567, 0.442228744267855, -1.0, 0.1896407126772398, 0.245463260475665, 0.2877511137539654, 0.15665020048618317]",0
"[0.4008485016849018, 0.1887635383461993, 0.2572614613806783, 0.3281139420603526, 0.4143913712898496, -1.0, 0.245463260475665, 0.2877511137539654, 0.1896307854481587, 0.15509404242038727]",0
"[0.3964129984357541, 0.2318617137301447, 0.2845456739230221, 0.3832277176720502, 0.387120505575409, -1.0, 0.2877511137539654, 0.1896307854481587, 0.2244830739083693, 0.16616129875183105]",0
"[0.3914824628694255, 0.1921415417369432, 0.2843172587657978, 0.368062097117962, 0.3585958281983985, -1.0, 0.1896307854481587, 0.2244830739083693, 0.265452056816661, 0.14997483789920807]",0
"[0.3863721164519145, 0.1932599121875462, 0.2852151631357509, 0.3891067741820376, 0.3306554764410939, -1.0, 0.2244830739083693, 0.265452056816661, 0.3111934270488694, 0.1670100837945938]",0
"[0.4967699305097128, 0.2362495351027567, 0.3212488481373419, 0.3920093858056986, 0.773012358056834, 1.0, 0.265452056816661, 0.3111934270488694, 0.3314927337138445, 0.5579238533973694]",2
"[0.4907740703293725, 0.2797402825128889, 0.3328954570386441, 0.4220951505376396, 0.7434340757463406, 1.0, 0.3111934270488694, 0.3314927337138445, 0.3200932176047747, 0.5734137296676636]",2
"[0.4848345763396561, 0.3246402692802275, 0.3368595228368019, 0.439483566292657, 0.7154385411137133, 1.0, 0.3314927337138445, 0.3200932176047747, 0.3897653508845722, 0.5902925133705139]",2
"[0.4781292832136414, 0.3813748177310983, 0.3776887807472495, 0.5011793322673483, 0.6851621011388483, 1.0, 0.3200932176047747, 0.3897653508845722, 0.386829550992279, 0.6172136068344116]",2
"[0.4712870098442874, 0.4298480647406988, 0.4266843241953278, 0.559011684372914, 0.6555156490491337, 1.0, 0.3897653508845722, 0.386829550992279, 0.4688778323411531, 0.657430112361908]",2
"[0.4638485984746662, 0.5182516573575555, 0.4825482355948118, 0.5976993770780008, 0.6245204934934165, 1.0, 0.386829550992279, 0.4688778323411531, 0.6138733368850794, 0.7138303518295288]",2
"[0.4562910690096962, 0.5186759567799395, 0.4520455120048959, 0.5194119545801233, 0.5941741574429209, 1.0, 0.4688778323411531, 0.6138733368850794, 0.7133723200423142, 0.7414036393165588]",2
"[0.4481075799527401, 0.5897242767428557, 0.4556190492916515, 0.4738326034938559, 0.5624512906157748, 1.0, 0.6138733368850794, 0.7133723200423142, 0.617858736782665, 0.7616820931434631]",2
"[0.4395408616365767, 0.6265674603626066, 0.4360139013962774, 0.5231025979408437, 0.5303551558851006, 1.0, 0.7133723200423142, 0.617858736782665, 0.6366876643126946, 0.7686067223548889]",2
"[0.4308826945489085, 0.644870705709527, 0.4599653928854602, 0.5994989593926161, 0.4989367913083399, 1.0, 0.617858736782665, 0.6366876643126946, 0.6212979434689806, 0.7672584652900696]",2
"[0.4215528613515886, 0.6623424794568825, 0.4696099292736586, 0.622090102330043, 0.4660993780352045, 1.0, 0.6366876643126946, 0.6212979434689806, 0.6805776792455828, 0.7783300280570984]",1
"[0.4121504091642221, 0.6694225203817608, 0.4908915573416052, 0.6619892051202831, 0.4339592943735257, 1.0, 0.6212979434689806, 0.6805776792455828, 0.7389613738610541, 0.7985267043113708]",1
"[0.5253689960883287, 0.2887914524519196, 0.2658802941854331, 0.1771859133284662, 0.3075793918199392, 1.0, 0.0931254486268374, 0.1619878458315517, 0.2122066084038668, 0.3983314037322998]",0
"[0.4231396583033897, 0.3125566978060062, 0.2808788841860399, 0.2042991222831828, 0.688862215851691, -1.0, 0.1619878458315517, 0.2122066084038668, 0.2470315429016262, 0.18777042627334595]",0
"[0.4183491492563614, 0.3277739081575706, 0.2529474573045994, 0.1904497754746243, 0.7122552545298836, -1.0, 0.2122066084038668, 0.2470315429016262, 0.094842937218589, 0.17585520446300507]",0
"[0.4141501834200893, 0.3285779235746145, 0.28438332247701, 0.2604081713647367, 0.7405794147006228, -1.0, 0.2470315429016262, 0.094842937218589, 0.1485351534749817, 0.1850701868534088]",0
"[0.4108570887900706, 0.3208071430895912, 0.3371157520041428, 0.3267216469854442, 0.7721161401062544, -1.0, 0.094842937218589, 0.1485351534749817, 0.2228011215902167, 0.20316919684410095]",0
"[0.4082956933906961, 0.238538094176931, 0.2379890487243195, 0.2711515681378779, 0.8090815505447252, -1.0, 0.1485351534749817, 0.2228011215902167, 0.2806605164549125, 0.20017032325267792]",0
"[0.4066356730162237, 0.2360439694235346, 0.2333233940504663, 0.2971030527921313, 0.8506117183929299, -1.0, 0.2228011215902167, 0.2806605164549125, 0.1973790854100784, 0.21575796604156494]",0
"[0.4059313349613668, 0.2764796216765769, 0.2708964924699871, 0.3532728292803055, 0.8952584650793862, -1.0, 0.2806605164549125, 0.1973790854100784, 0.2189453912112404, 0.24175576865673065]",0
"[0.4061810910221979, 0.2295792661347534, 0.2712859635841753, 0.3393867462225204, 0.9461119118207604, -1.0, 0.1973790854100784, 0.2189453912112404, 0.247172458185916, 0.2354944348335266]",0
"[0.40741225487827, 0.2255939974940353, 0.2735642623505581, 0.3617214656822401, 1.0, -1.0, 0.2189453912112404, 0.247172458185916, 0.2636913170299841, 0.2567225396633148]",0
"[0.4333482185093896, 0.4006265686335697, 0.408168342964166, 0.4800278564297622, 0.0, 1.0, 0.247172458185916, 0.2636913170299841, 0.3231985695259525, 0.478924959897995]",2
"[0.4401621309770853, 0.4455910067123926, 0.4781835898515399, 0.539616314494958, 0.0788195649924474, 1.0, 0.2636913170299841, 0.3231985695259525, 0.3819251810176408, 0.5377236604690552]",2
"[0.4484958539419735, 0.5321393918519256, 0.5581505714642442, 0.5802576837616956, 0.1657744462508394, 1.0, 0.3231985695259525, 0.3819251810176408, 0.4721553897014078, 0.6139363050460815]",2
"[0.4578551548317501, 0.5262925239432245, 0.5205395602451478, 0.5041172453447996, 0.2553634603505728, 1.0, 0.3819251810176408, 0.4721553897014078, 0.5792979194512577, 0.6485176682472229]",2
"[0.468909354705453, 0.5942645063348655, 0.5300892347196291, 0.4608288934100452, 0.3536728796692032, 1.0, 0.4721553897014078, 0.5792979194512577, 0.5106039217432473, 0.688086211681366]",2
"[0.4814152591225706, 0.6261237452902179, 0.5085102376474292, 0.5123916462309984, 0.4579259403577001, 1.0, 0.5792979194512577, 0.5106039217432473, 0.56279432619651, 0.7268630266189575]",1
"[0.4949438675459791, 0.6385570467428354, 0.5467457461407029, 0.5910879055664914, 0.5645851419504889, 1.0, 0.5106039217432473, 0.56279432619651, 0.5605588181896641, 0.760848879814148]",1
"[0.5104424548703114, 0.6497154427190992, 0.5661703299977047, 0.6162495911191964, 0.6808747693246621, 1.0, 0.56279432619651, 0.5605588181896641, 0.5977945468632561, 0.8008438348770142]",0
"[0.5269545392097204, 0.6500179642127719, 0.6018184207015125, 0.6587349321439634, 0.7994010747900857, 1.0, 0.5605588181896641, 0.5977945468632561, 0.5671029538217283, 0.8323960900306702]",0
"[0.7644713458884921, 0.1730962699113548, 0.2454582244327484, 0.2105544016391058, 0.5654304150199356, 1.0, 0.1838360974883544, 0.2182077006436476, 0.2504666068043301, 0.48219412565231323]",0
"[0.6938854126831062, 0.3044289843546289, 0.3228710572849738, 0.2191478666552653, 0.1889710776364324, -1.0, 0.2182077006436476, 0.2504666068043301, 0.3076638045307172, 0.18617841601371765]",0
"[0.6725277414572258, 0.2653734875835617, 0.2817312141450259, 0.216881032774014, 0.1796426622139262, -1.0, 0.2504666068043301, 0.3076638045307172, 0.2840783534683399, 0.17878809571266174]",0
"[0.6533307218019899, 0.2152377254399924, 0.264933629039624, 0.239173870831601, 0.1713940576118371, -1.0, 0.3076638045307172, 0.2840783534683399, 0.2524658368255876, 0.16777470707893372]",0
"[0.632187923068012, 0.2083170167739029, 0.2602173106133443, 0.2358316381713064, 0.1624611658150279, -1.0, 0.2840783534683399, 0.2524658368255876, 0.2603866430878659, 0.15392039716243744]",0
"[0.6118453954074672, 0.2264647548721872, 0.2400698335976663, 0.2213467789975715, 0.1540194562984148, -1.0, 0.2524658368255876, 0.2603866430878659, 0.2801929349373443, 0.1467183232307434]",0
"[0.5909545971546305, 0.2308929402412872, 0.2634926834279142, 0.2905493361201982, 0.145509805331343, -1.0, 0.2603866430878659, 0.2801929349373443, 0.2896637047961125, 0.16261383891105652]",0
"[0.5708706223365887, 0.2270332591233397, 0.30239052607992, 0.3560512695596593, 0.1374847231260399, -1.0, 0.2801929349373443, 0.2896637047961125, 0.3262576236846949, 0.18364833295345306]",0
"[0.550262166143776, 0.1511567544585552, 0.2290853221417851, 0.2995841303022921, 0.1294128611059381, -1.0, 0.2896637047961125, 0.3262576236846949, 0.4293383315588917, 0.17095960676670074]",0
"[0.5298088230729788, 0.1528592942655017, 0.2251762292515804, 0.32453257795174, 0.1215690572728542, -1.0, 0.3262576236846949, 0.4293383315588917, 0.4115007670974396, 0.18855953216552734]",0
"[0.5101703344326252, 0.1962448604535125, 0.252176677463991, 0.3796388101878916, 0.1141989600791743, -1.0, 0.4293383315588917, 0.4115007670974396, 0.3328451847928209, 0.20398105680942535]",0
"[0.4900450944916588, 0.155174227361563, 0.2514709543568725, 0.3645780647786438, 0.1068148866157727, -1.0, 0.4115007670974396, 0.3328451847928209, 0.3449216062654727, 0.17844855785369873]",0
"[0.4707388064183432, 0.1557643202112714, 0.2519218887592823, 0.3856782786427535, 0.0998967291914144, -1.0, 0.3328451847928209, 0.3449216062654727, 0.3567536707289055, 0.16987979412078857]",0
"[0.3406435219976778, 0.1990315996726989, 0.2877381202264846, 0.3886728823886837, 0.4299464301429079, 1.0, 0.3449216062654727, 0.3567536707289055, 0.373642938759564, 0.49955207109451294]",0
"[0.3210705150039875, 0.2428139324511448, 0.299011261470116, 0.4188178209121625, 0.423283237218001, 1.0, 0.3567536707289055, 0.373642938759564, 0.3882005064095769, 0.5149750113487244]",0
"[0.3029426620444482, 0.2880731814036415, 0.3025869884282918, 0.4362839870196704, 0.4172765065822217, 1.0, 0.373642938759564, 0.3882005064095769, 0.4270855159771499, 0.5320138335227966]",0
"[0.2837669898806467, 0.3453673382463558, 0.3432561598934481, 0.4980066502698119, 0.411101281522328, 1.0, 0.3882005064095769, 0.4270855159771499, 0.4247262108848075, 0.5599111318588257]",0
"[0.2654162215493178, 0.3942606010354331, 0.3921692817375746, 0.5558749471821971, 0.4053705182205037, 1.0, 0.4270855159771499, 0.4247262108848075, 0.4866302800963057, 0.5946101546287537]",0
"[0.2466745993399941, 0.4838537612974566, 0.4479924428375663, 0.5946382870835522, 0.3997058226937446, 1.0, 0.4247262108848075, 0.4866302800963057, 0.5970192920721679, 0.6449878811836243]",0
"[0.2287585607608391, 0.4837661123623041, 0.4168896503514648, 0.5166016044610029, 0.394476159642001, 1.0, 0.4866302800963057, 0.5970192920721679, 0.6998610382690945, 0.6669539213180542]",0
"[0.2104813300848834, 0.5556741528357717, 0.4200891935514154, 0.4712372072001299, 0.3893365417656093, 1.0, 0.5970192920721679, 0.6998610382690945, 0.6769250999325324, 0.696469783782959]",0
"[0.192451729476407, 0.592712328661591, 0.3999639553841401, 0.5205907497689727, 0.3844693419091097, 1.0, 0.6998610382690945, 0.6769250999325324, 0.6979885513367059, 0.7177833914756775]",0
"[0.175246886512495, 0.6108697052289691, 0.4237111469194938, 0.5970335182718242, 0.3800220656782848, 1.0, 0.6769250999325324, 0.6979885513367059, 0.5849267272532903, 0.7147358655929565]",0
"[0.1577274385071821, 0.6281682905830718, 0.4330532098755123, 0.6197636108776232, 0.3757018848948631, 1.0, 0.6979885513367059, 0.5849267272532903, 0.5837843111109836, 0.7047388553619385]",0
"[0.1410309730199905, 0.6348939465098439, 0.4541329282932676, 0.6597786763983694, 0.3717910213721306, 1.0, 0.5849267272532903, 0.5837843111109836, 0.6133766109225127, 0.6999288201332092]",0
"[0.0, 0.2035026414116691, 0.2728820271701553, 0.2143668142607299, 0.6413301771256725, 1.0, 0.125144759229861, 0.1449720405855198, 0.236816939288962, 0.36871224641799927]",0
"[1.0, 0.3328979784230554, 0.3503115378046426, 0.2229510270760126, 0.4541442559393571, -1.0, 0.1449720405855198, 0.236816939288962, 0.2538530532839798, 0.2592855393886566]",0
"[0.9887119432366772, 0.2951778165596092, 0.3099765324392378, 0.2206533220322572, 0.4363740149472475, -1.0, 0.236816939288962, 0.2538530532839798, 0.2593951639182097, 0.2595832049846649]",0
"[0.9782669544650664, 0.2465320932498714, 0.2937649512417458, 0.2429491649653978, 0.4200031058717522, -1.0, 0.2538530532839798, 0.2593951639182097, 0.2623974205869496, 0.2528096139431]",0
"[0.9664240165032866, 0.2403253619786105, 0.2895991022546516, 0.2395634054306946, 0.4015191194246321, -1.0, 0.2593951639182097, 0.2623974205869496, 0.2737311830488881, 0.24923430383205414]",0
"[0.9546813374423406, 0.2586844093299647, 0.2700829580541304, 0.225014143125601, 0.3832678316109021, -1.0, 0.2623974205869496, 0.2737311830488881, 0.2825586786784001, 0.2459530085325241]",0
"[0.9422531071609808, 0.2636037886428266, 0.2938560105099752, 0.2942680370483147, 0.3640278847473704, -1.0, 0.2737311830488881, 0.2825586786784001, 0.2666487082448912, 0.25656816363334656]",0
"[0.9299383089445762, 0.2603734396231967, 0.3329779965715609, 0.3598115302301765, 0.3450361575612043, -1.0, 0.2825586786784001, 0.2666487082448912, 0.3092683512400028, 0.2726987600326538]",0
"[0.916912991394848, 0.1865259328948708, 0.2606573577703303, 0.303198267951567, 0.3250219297443819, -1.0, 0.2666487082448912, 0.3092683512400028, 0.3801148407384361, 0.2520154118537903]",0
"[0.9035797158710652, 0.1887635383461993, 0.2572614613806783, 0.3281139420603526, 0.3046071939006113, -1.0, 0.3092683512400028, 0.3801148407384361, 0.3094544194615556, 0.2567552924156189]",0
"[0.8903804597895291, 0.2318617137301447, 0.2845456739230221, 0.3832277176720502, 0.2844652043269591, -1.0, 0.3801148407384361, 0.3094544194615556, 0.34747655014603, 0.276398241519928]",0
"[0.8764323078942858, 0.1921415417369432, 0.2843172587657978, 0.368062097117962, 0.2632485565562379, -1.0, 0.3094544194615556, 0.34747655014603, 0.4045945602913016, 0.2670120298862457]",0
"[0.862632302929663, 0.1932599121875462, 0.2852151631357509, 0.3891067741820376, 0.242321658406399, -1.0, 0.34747655014603, 0.4045945602913016, 0.3926823085829531, 0.27783602476119995]",0
"[0.8496657274093476, 0.2362495351027567, 0.3212488481373419, 0.3920093858056986, 0.946821427700528, 1.0, 0.4045945602913016, 0.3926823085829531, 0.4015810927998693, 0.6777998805046082]",0
"[0.8347679117016303, 0.2797402825128889, 0.3328954570386441, 0.4220951505376396, 0.9243606870320312, 1.0, 0.3926823085829531, 0.4015810927998693, 0.4101116595592564, 0.6859791874885559]",0
"[0.8205361395911271, 0.3246402692802275, 0.3368595228368019, 0.439483566292657, 0.9029611112285536, 1.0, 0.4015810927998693, 0.4101116595592564, 0.4316821133914311, 0.6965442299842834]",0
"[0.8050045234800333, 0.3813748177310983, 0.3776887807472495, 0.5011793322673483, 0.8796665542297379, 1.0, 0.4101116595592564, 0.4316821133914311, 0.450397769942712, 0.7220023274421692]",0
"[0.789657912487782, 0.4298480647406988, 0.4266843241953278, 0.559011684372914, 0.8567066869040632, 1.0, 0.4316821133914311, 0.450397769942712, 0.5033786104516559, 0.7537034749984741]",0
"[0.7734702343643729, 0.5182516573575555, 0.4825482355948118, 0.5976993770780008, 0.832546246267544, 1.0, 0.450397769942712, 0.5033786104516559, 0.5611305133912174, 0.7949526906013489]",0
"[0.7574830174172423, 0.5186759567799395, 0.4520455120048959, 0.5194119545801233, 0.8087395622585026, 1.0, 0.5033786104516559, 0.5611305133912174, 0.6553007142928389, 0.8039284944534302]",0
"[0.7406274823327311, 0.5897242767428557, 0.4556190492916515, 0.4738326034938559, 0.7836949174473958, 1.0, 0.5611305133912174, 0.6553007142928389, 0.5698930699128809, 0.8119562864303589]",0
"[0.7234280243483476, 0.6265674603626066, 0.4360139013962774, 0.5231025979408437, 0.7581939019886852, 1.0, 0.6553007142928389, 0.5698930699128809, 0.5357017175812984, 0.8110672831535339]",0
"[0.7064530579697454, 0.644870705709527, 0.4599653928854602, 0.5994989593926161, 0.733076517680592, 1.0, 0.5698930699128809, 0.5357017175812984, 0.5522803589267871, 0.8077491521835327]",0
"[0.6885679539211665, 0.6623424794568825, 0.4696099292736586, 0.622090102330043, 0.7066636670736355, 1.0, 0.5357017175812984, 0.5522803589267871, 0.6069668657613019, 0.8148455619812012]",0
"[0.6709237518600581, 0.6694225203817608, 0.4908915573416052, 0.6619892051202831, 0.6806549968784267, 1.0, 0.5522803589267871, 0.6069668657613019, 0.6395927268607947, 0.8344529867172241]",0
"[0.9040990509711464, 0.0458472663003821, 0.1646436679224931, 0.183871291940507, 0.519357639800225, 1.0, 0.4379881164447372, 0.3275700711425562, 0.258912042407813, 0.4459875822067261]",0
"[0.7501974829169007, 0.2445439729533163, 0.2886045259913067, 0.1953866406775989, 0.4995805971191925, -1.0, 0.3275700711425562, 0.258912042407813, 0.1607452766280857, 0.19259633123874664]",0
"[0.7355989255241766, 0.1836163847754577, 0.2223739959138951, 0.1948119245253976, 0.4998953820866245, -1.0, 0.258912042407813, 0.1607452766280857, 0.1743544444425407, 0.15273059904575348]",1
"[0.7216621013747634, 0.1059049289369199, 0.1952019745978809, 0.2215688224941056, 0.5003892560241282, -1.0, 0.1607452766280857, 0.1743544444425407, 0.2091629987100078, 0.13394609093666077]",1
"[0.7053912550300642, 0.0938390581319211, 0.1873712703000003, 0.2199026723997561, 0.5011708165519513, -1.0, 0.1743544444425407, 0.2091629987100078, 0.2126713688455256, 0.13589946925640106]",1
"[0.6887948290717218, 0.1199648863761104, 0.1547803058345331, 0.2057625943380407, 0.5021648035732157, -1.0, 0.2091629987100078, 0.2126713688455256, 0.2398625169138187, 0.13977864384651184]",1
"[0.6707565734463389, 0.1250893125151596, 0.192058085882277, 0.2853589476364195, 0.5034404077779019, -1.0, 0.2126713688455256, 0.2398625169138187, 0.2553970042284289, 0.16017380356788635]",1
"[0.6524308450661566, 0.1175912551006135, 0.2541542820880444, 0.3608029078448597, 0.5049181318911551, -1.0, 0.2398625169138187, 0.2553970042284289, 0.2571284960368206, 0.1813645362854004]",1
"[0.6325861070496627, 0.0002751393396895, 0.1362335421517642, 0.2999507056188281, 0.5066994157424232, -1.0, 0.2553970042284289, 0.2571284960368206, 0.3570120899126792, 0.15479759871959686]",1
"[0.6118083466045031, 0.0010935708461331, 0.1296180484841421, 0.3302276706661932, 0.508742143588454, -1.0, 0.2571284960368206, 0.3570120899126792, 0.2674222201088905, 0.15697747468948364]",1
"[0.5908029700421071, 0.0654204035906584, 0.1725811673178008, 0.3942203822103226, 0.510970737031096, -1.0, 0.3570120899126792, 0.2674222201088905, 0.1611778270238287, 0.16389459371566772]",2
"[0.5681597972688063, 0.0009718446769513, 0.1710708227822585, 0.3798678122689969, 0.5135366938550902, -1.0, 0.2674222201088905, 0.1611778270238287, 0.0671084349976448, 0.11153349280357361]",2
"[0.5453302766257438, 0.0, 0.1714115393913557, 0.4059429433367792, 0.5162772682294975, -1.0, 0.1611778270238287, 0.0671084349976448, 0.0863557657851203, 0.08832092583179474]",0
"[0.4375531276056904, 0.0639280969487291, 0.2284534097689397, 0.4119112319421166, 0.7347305784337698, 1.0, 0.0671084349976448, 0.0863557657851203, 0.2795173735755705, 0.37831249833106995]",2
"[0.4120226421377626, 0.1285856282391161, 0.2461064902624879, 0.4483129486374884, 0.7381076760745396, 1.0, 0.0863557657851203, 0.2795173735755705, 0.2725021723006721, 0.4172322750091553]",0
"[0.3872405852518534, 0.1955743973070863, 0.251423063927363, 0.470418465152887, 0.7415196729955937, 1.0, 0.2795173735755705, 0.2725021723006721, 0.2618873739297493, 0.4477228820323944]",0
"[0.3597791865666772, 0.2807078322994519, 0.316196374689584, 0.5422676839667785, 0.7454400351303946, 1.0, 0.2725021723006721, 0.2618873739297493, 0.3628049186966593, 0.48499971628189087]",0
"[0.332239755764706, 0.3530582037841344, 0.3941914647141458, 0.6097778213570636, 0.7495053539414692, 1.0, 0.2618873739297493, 0.3628049186966593, 0.4508095064900544, 0.5345920324325562]",0
"[0.302776509136301, 0.4872846067010853, 0.4832370187953878, 0.6560762724449766, 0.7539895755714534, 1.0, 0.3628049186966593, 0.4508095064900544, 0.6836114484133928, 0.6235028505325317]",0
"[0.2732808997874503, 0.48490554737947, 0.4328380735534918, 0.5716968836359868, 0.7586061951696678, 1.0, 0.4508095064900544, 0.6836114484133928, 0.8793252089752276, 0.6722397208213806]",0
"[0.2417767321053931, 0.592074933686816, 0.4374292829046561, 0.5240266838877774, 0.7636659122645553, 1.0, 0.6836114484133928, 0.8793252089752276, 0.9351277976834697, 0.7415612936019897]",0
"[0.2092204010350177, 0.6460630124052219, 0.4045842681150596, 0.5823716625184984, 0.7690225535241708, 1.0, 0.8793252089752276, 0.9351277976834697, 0.7342375174547705, 0.7514513731002808]",0
"[0.17670296967602, 0.671309047425011, 0.442116364899061, 0.670981535951358, 0.7744919417952778, 1.0, 0.9351277976834697, 0.7342375174547705, 0.6746655531847455, 0.7387790679931641]",0
"[0.1420467876149607, 0.6951068494192956, 0.4565017944078192, 0.6996826888328598, 0.7804416278511787, 1.0, 0.7342375174547705, 0.6746655531847455, 0.7447442271472143, 0.7213013768196106]",0
"[0.1074783360502558, 0.7028218579038084, 0.4897160644969725, 0.7476788379165796, 0.7864905607491997, 1.0, 0.6746655531847455, 0.7447442271472143, 0.7680527122601208, 0.7353062033653259]",0
"[0.460820517901474, 0.2035026414116691, 0.2728820271701553, 0.2143668142607299, 0.6745631379873702, 1.0, 1.0, 0.9900046547856376, 0.6274221511898399, 0.6559568643569946]",0
"[0.456143515688772, 0.3328979784230554, 0.3503115378046426, 0.2229510270760126, 0.5878298627852577, -1.0, 0.9900046547856376, 0.6274221511898399, 0.2029267614422814, 0.3333330750465393]",0
"[0.4764072318832447, 0.2951778165596092, 0.3099765324392378, 0.2206533220322572, 0.5823206522215828, -1.0, 0.6274221511898399, 0.2029267614422814, 0.2042884438583055, 0.21770136058330536]",0
"[0.4951732254993757, 0.2465320932498714, 0.2937649512417458, 0.2429491649653978, 0.5772833179667548, -1.0, 0.2029267614422814, 0.2042884438583055, 0.3706281849782794, 0.18097801506519318]",0
"[0.5164678001927363, 0.2403253619786105, 0.2895991022546516, 0.2395634054306946, 0.5716370773165644, -1.0, 0.2042884438583055, 0.3706281849782794, 0.3955196146949996, 0.20759250223636627]",0
"[0.5375986414602822, 0.2586844093299647, 0.2700829580541304, 0.225014143125601, 0.5661024039964844, -1.0, 0.3706281849782794, 0.3955196146949996, 0.4049094271217087, 0.23411571979522705]",0
"[0.5599797768297428, 0.2636037886428266, 0.2938560105099752, 0.2942680370483147, 0.56030888884638, -1.0, 0.3955196146949996, 0.4049094271217087, 0.29607946365243, 0.23891869187355042]",0
"[0.5821723399378717, 0.2603734396231967, 0.3329779965715609, 0.3598115302301765, 0.5546289373096983, -1.0, 0.4049094271217087, 0.29607946365243, 0.2792663276233164, 0.23885971307754517]",0
"[0.6056611397684378, 0.1865259328948708, 0.2606573577703303, 0.303198267951567, 0.5486824550118651, -1.0, 0.29607946365243, 0.2792663276233164, 0.2927753717329545, 0.19890128076076508]",0
"[0.6297209386566145, 0.1887635383461993, 0.2572614613806783, 0.3281139420603526, 0.5426560537158756, -1.0, 0.2792663276233164, 0.2927753717329545, 0.3413925009848965, 0.21089836955070496]",0
"[0.6535534158115766, 0.2318617137301447, 0.2845456739230221, 0.3832277176720502, 0.53674657415119, -1.0, 0.2927753717329545, 0.3413925009848965, 0.3138350283129273, 0.23496684432029724]",0
"[0.6787527078202121, 0.1921415417369432, 0.2843172587657978, 0.368062097117962, 0.5305586200747006, -1.0, 0.3413925009848965, 0.3138350283129273, 0.0473713157634692, 0.19594259560108185]",0
"[0.7036981317619115, 0.1932599121875462, 0.2852151631357509, 0.3891067741820376, 0.5244900446025238, -1.0, 0.3138350283129273, 0.0473713157634692, 0.0107104294386422, 0.15699218213558197]",0
"[0.3919100454864134, 0.2362495351027567, 0.3212488481373419, 0.3920093858056986, 0.5375274389254087, 1.0, 0.0473713157634692, 0.0107104294386422, 0.1734307684482721, 0.35475069284439087]",0
"[0.4188678335528, 0.2797402825128889, 0.3328954570386441, 0.4220951505376396, 0.5310850642470685, 1.0, 0.0107104294386422, 0.1734307684482721, 0.2232951877510381, 0.3917121887207031]",0
"[0.4446325198805372, 0.3246402692802275, 0.3368595228368019, 0.439483566292657, 0.5249781039884911, 1.0, 0.1734307684482721, 0.2232951877510381, 0.2640621988473631, 0.4344594180583954]",0
"[0.4727630154055874, 0.3813748177310983, 0.3776887807472495, 0.5011793322673483, 0.5183628266215888, 1.0, 0.2232951877510381, 0.2640621988473631, 0.1934543655319763, 0.4599907696247101]",0
"[0.500570532982849, 0.4298480647406988, 0.4266843241953278, 0.559011684372914, 0.5118738487916784, 1.0, 0.2640621988473631, 0.1934543655319763, 0.2161456894817896, 0.48196160793304443]",0
"[0.5299142118940325, 0.5182516573575555, 0.4825482355948118, 0.5976993770780008, 0.5050771410379707, 1.0, 0.1934543655319763, 0.2161456894817896, 0.3472674685200596, 0.5214424133300781]",0
"[0.5589059894183628, 0.5186759567799395, 0.4520455120048959, 0.5194119545801233, 0.4984098309073699, 1.0, 0.2161456894817896, 0.3472674685200596, 0.4860135609913936, 0.5490286946296692]",0
"[0.5894839555006892, 0.5897242767428557, 0.4556190492916515, 0.4738326034938559, 0.4914260001190417, 1.0, 0.3472674685200596, 0.4860135609913936, 0.63504029276809, 0.6112931370735168]",0
"[0.6206972698867101, 0.6265674603626066, 0.4360139013962774, 0.5231025979408437, 0.4843448924228248, 1.0, 0.4860135609913936, 0.63504029276809, 0.5986457437492939, 0.654627799987793]",0
"[0.6515137730283104, 0.644870705709527, 0.4599653928854602, 0.5994989593926161, 0.4773982022029721, 1.0, 0.63504029276809, 0.5986457437492939, 0.589763023191408, 0.6850512623786926]",0
"[0.6839932032448257, 0.6623424794568825, 0.4696099292736586, 0.622090102330043, 0.4701213858393635, 1.0, 0.5986457437492939, 0.589763023191408, 0.6036801520625509, 0.6912382245063782]",0
"[0.7160451912796489, 0.6694225203817608, 0.4908915573416052, 0.6619892051202831, 0.4629825456279311, 1.0, 0.589763023191408, 0.6036801520625509, 0.6331694644345149, 0.7083635330200195]",0
"[0.4200748809449777, 0.2035026414116691, 0.2728820271701553, 0.2143668142607299, 0.5076817490596081, 1.0, 0.0949464037770647, 0.1138588172022478, 0.1082070053941033, 0.3319168984889984]",0
"[0.2602884804278751, 0.3328979784230554, 0.3503115378046426, 0.2229510270760126, 0.0, -1.0, 0.1138588172022478, 0.1082070053941033, 0.1035125022594802, 0.02931971475481987]",0
"[0.2770078159411144, 0.2951778165596092, 0.3099765324392378, 0.2206533220322572, 0.0176390660264737, -1.0, 0.1082070053941033, 0.1035125022594802, 0.1074034514433299, 0.022032737731933594]",0
"[0.2927162576919004, 0.2465320932498714, 0.2937649512417458, 0.2429491649653978, 0.0340919875439197, -1.0, 0.1035125022594802, 0.1074034514433299, 0.1172750652715217, 0.02169668674468994]",0
"[0.310788963751108, 0.2403253619786105, 0.2895991022546516, 0.2395634054306946, 0.0528902862901425, -1.0, 0.1074034514433299, 0.1172750652715217, 0.1237222518420695, 0.02745739370584488]",0
"[0.3289692363292762, 0.2586844093299647, 0.2700829580541304, 0.225014143125601, 0.0716709044050518, -1.0, 0.1172750652715217, 0.1237222518420695, 0.1359016561846278, 0.03409451246261597]",0
"[0.3484786724790516, 0.2636037886428266, 0.2938560105099752, 0.2942680370483147, 0.0916921141055658, -1.0, 0.1237222518420695, 0.1359016561846278, 0.1275909135008594, 0.05393187701702118]",0
"[0.3680677680254501, 0.2603734396231967, 0.3329779965715609, 0.3598115302301765, 0.1116681889086492, -1.0, 0.1359016561846278, 0.1275909135008594, 0.1430235540361365, 0.07552105188369751]",0
"[0.3890520415523376, 0.1865259328948708, 0.2606573577703303, 0.303198267951567, 0.1329370981437659, -1.0, 0.1275909135008594, 0.1430235540361365, 0.1406557517443463, 0.05418103560805321]",0
"[0.4108004264661485, 0.1887635383461993, 0.2572614613806783, 0.3281139420603526, 0.1548495839269777, -1.0, 0.1430235540361365, 0.1406557517443463, 0.1565430399292085, 0.06703699380159378]",0
"[0.432584056276759, 0.2318617137301447, 0.2845456739230221, 0.3832277176720502, 0.1766740159337458, -1.0, 0.1406557517443463, 0.1565430399292085, 0.1504652250524874, 0.0908416137099266]",0
"[0.4558647518523155, 0.1921415417369432, 0.2843172587657978, 0.368062097117962, 0.1998715873071131, -1.0, 0.1565430399292085, 0.1504652250524874, 0.1804597082422701, 0.09487918764352798]",0
"[0.4791497019581089, 0.1932599121875462, 0.2852151631357509, 0.3891067741820376, 0.2229516450045059, -1.0, 0.1504652250524874, 0.1804597082422701, 0.1964311699577117, 0.1095777377486229]",0
"[0.4034499083639484, 0.2362495351027567, 0.3212488481373419, 0.3920093858056986, 0.6907551925987871, 1.0, 0.1804597082422701, 0.1964311699577117, 0.2114857458543242, 0.4197880029678345]",0
"[0.4291137070076186, 0.2797402825128889, 0.3328954570386441, 0.4220951505376396, 0.7159378116368128, 1.0, 0.1964311699577117, 0.2114857458543242, 0.221407878919337, 0.4423186779022217]",0
"[0.4538662243958987, 0.3246402692802275, 0.3368595228368019, 0.439483566292657, 0.7401126559781677, 1.0, 0.2114857458543242, 0.221407878919337, 0.247339850909457, 0.4635474383831024]",0
"[0.4811309202967336, 0.3813748177310983, 0.3776887807472495, 0.5011793322673483, 0.7666202491548205, 1.0, 0.221407878919337, 0.247339850909457, 0.2657635971772752, 0.49797335267066956]",0
"[0.5083173009729073, 0.4298480647406988, 0.4266843241953278, 0.559011684372914, 0.792933441629115, 1.0, 0.247339850909457, 0.2657635971772752, 0.2968982675467334, 0.534596860408783]",0
"[0.5372473706836015, 0.5182516573575555, 0.4825482355948118, 0.5976993770780008, 0.8208126772419325, 1.0, 0.2657635971772752, 0.2968982675467334, 0.3112129519011684, 0.5740904211997986]",0
"[0.5660638424434534, 0.5186759567799395, 0.4520455120048959, 0.5194119545801233, 0.8484652600965377, 1.0, 0.2968982675467334, 0.3112129519011684, 0.3313518624991836, 0.5752700567245483]",0
"[0.5966973932505558, 0.5897242767428557, 0.4556190492916515, 0.4738326034938559, 0.8777409267258324, 1.0, 0.3112129519011684, 0.3313518624991836, 0.3499275022476119, 0.5938278436660767]",0
"[0.6282112514330769, 0.6265674603626066, 0.4360139013962774, 0.5231025979408437, 0.907735754754665, 1.0, 0.3313518624991836, 0.3499275022476119, 0.3702918190078214, 0.6175048351287842]",0
"[0.6595559733033899, 0.644870705709527, 0.4599653928854602, 0.5994989593926161, 0.9374537751355208, 1.0, 0.3499275022476119, 0.3702918190078214, 0.370197446538883, 0.6452067494392395]",0
"[0.6928307858669501, 0.6623424794568825, 0.4696099292736586, 0.622090102330043, 0.9688824202363828, 1.0, 0.3702918190078214, 0.370197446538883, 0.3693737504966909, 0.6619718074798584]",0
"[0.7258980961478896, 0.6694225203817608, 0.4908915573416052, 0.6619892051202831, 1.0, 1.0, 0.370197446538883, 0.3693737504966909, 0.353265771741188, 0.6764612793922424]",0
"[0.0, 0.2035026414116691, 0.2728820271701553, 0.2143668142607299, 0.6019664500952596, 1.0, 0.2352078394034524, 0.2002430590072087, 0.2297585462929159, 0.33542102575302124]",0
"[1.0, 0.3328979784230554, 0.3503115378046426, 0.2229510270760126, 0.0822788859295428, -1.0, 0.2002430590072087, 0.2297585462929159, 0.1991417796677497, 0.18174968659877777]",0
"[0.9887119432366772, 0.2951778165596092, 0.3099765324392378, 0.2206533220322572, 0.0770445865715549, -1.0, 0.2297585462929159, 0.1991417796677497, 0.192282097218721, 0.1670914888381958]",0
"[0.9782669544650664, 0.2465320932498714, 0.2937649512417458, 0.2429491649653978, 0.0721215435399284, -1.0, 0.1991417796677497, 0.192282097218721, 0.1939831578937533, 0.15427808463573456]",0
"[0.9664240165032866, 0.2403253619786105, 0.2895991022546516, 0.2395634054306946, 0.0664520244570363, -1.0, 0.192282097218721, 0.1939831578937533, 0.197696685955876, 0.1498660296201706]",0
"[0.9546813374423406, 0.2586844093299647, 0.2700829580541304, 0.225014143125601, 0.0607435011448608, -1.0, 0.1939831578937533, 0.197696685955876, 0.2025725099873107, 0.1467960774898529]",0
"[0.9422531071609808, 0.2636037886428266, 0.2938560105099752, 0.2942680370483147, 0.0546124518587149, -1.0, 0.197696685955876, 0.2025725099873107, 0.200047474151592, 0.15839524567127228]",0
"[0.9299383089445762, 0.2603734396231967, 0.3329779965715609, 0.3598115302301765, 0.0484516009844588, -1.0, 0.2025725099873107, 0.200047474151592, 0.189107074565948, 0.16851751506328583]",0
"[0.916912991394848, 0.1865259328948708, 0.2606573577703303, 0.303198267951567, 0.0418472716065998, -1.0, 0.200047474151592, 0.189107074565948, 0.1416252457868394, 0.12963761389255524]",0
"[0.9035797158710652, 0.1887635383461993, 0.2572614613806783, 0.3281139420603526, 0.0349979199244219, -1.0, 0.189107074565948, 0.1416252457868394, 0.1856281390440109, 0.1282695084810257]",0
"[0.8903804597895291, 0.2318617137301447, 0.2845456739230221, 0.3832277176720502, 0.0281333629524332, -1.0, 0.1416252457868394, 0.1856281390440109, 0.2391658091360018, 0.1498764008283615]",0
"[0.8764323078942858, 0.1921415417369432, 0.2843172587657978, 0.368062097117962, 0.0207930100352923, -1.0, 0.1856281390440109, 0.2391658091360018, 0.2590857011257121, 0.15537001192569733]",0
"[0.862632302929663, 0.1932599121875462, 0.2852151631357509, 0.3891067741820376, 0.0134476051479564, -1.0, 0.2391658091360018, 0.2590857011257121, 0.2729594808270735, 0.16739851236343384]",0
"[0.8496657274093476, 0.2362495351027567, 0.3212488481373419, 0.3920093858056986, 0.5535382659630024, 1.0, 0.2590857011257121, 0.2729594808270735, 0.2638652292013784, 0.4864168167114258]",0
"[0.8347679117016303, 0.2797402825128889, 0.3328954570386441, 0.4220951505376396, 0.5454351625364326, 1.0, 0.2729594808270735, 0.2638652292013784, 0.2511374115528469, 0.49340274930000305]",0
"[0.8205361395911271, 0.3246402692802275, 0.3368595228368019, 0.439483566292657, 0.5376167725799504, 1.0, 0.2638652292013784, 0.2511374115528469, 0.2516189049613349, 0.49663427472114563]",0
"[0.8050045234800333, 0.3813748177310983, 0.3776887807472495, 0.5011793322673483, 0.5290018239506497, 1.0, 0.2511374115528469, 0.2516189049613349, 0.2393842581069354, 0.5113557577133179]",0
"[0.789657912487782, 0.4298480647406988, 0.4266843241953278, 0.559011684372914, 0.520408772369004, 1.0, 0.2516189049613349, 0.2393842581069354, 0.2328472371624443, 0.5264158844947815]",0
"[0.7734702343643729, 0.5182516573575555, 0.4825482355948118, 0.5976993770780008, 0.5112617942056952, 1.0, 0.2393842581069354, 0.2328472371624443, 0.2507361561259362, 0.5478001236915588]",0
"[0.7574830174172423, 0.5186759567799395, 0.4520455120048959, 0.5194119545801233, 0.5021481899031743, 1.0, 0.2328472371624443, 0.2507361561259362, 0.2750033013339705, 0.5354021191596985]",0
"[0.7406274823327311, 0.5897242767428557, 0.4556190492916515, 0.4738326034938559, 0.492457432317399, 1.0, 0.2507361561259362, 0.2750033013339705, 0.2961453775969638, 0.5446315407752991]",0
"[0.7234280243483476, 0.6265674603626066, 0.4360139013962774, 0.5231025979408437, 0.4824858248985601, 1.0, 0.2750033013339705, 0.2961453775969638, 0.294087325369713, 0.5552950501441956]",0
"[0.7064530579697454, 0.644870705709527, 0.4599653928854602, 0.5994989593926161, 0.4725656175375027, 1.0, 0.2961453775969638, 0.294087325369713, 0.2642727949985775, 0.5657364130020142]",0
"[0.6885679539211665, 0.6623424794568825, 0.4696099292736586, 0.622090102330043, 0.4620325095529476, 1.0, 0.294087325369713, 0.2642727949985775, 0.252955557688013, 0.5631856322288513]",0
"[0.6709237518600581, 0.6694225203817608, 0.4908915573416052, 0.6619892051202831, 0.4515632291177486, 1.0, 0.2642727949985775, 0.252955557688013, 0.2675012439468912, 0.5656469464302063]",0
"[0.2545447599286966, 0.3533892325137078, 0.3823803483557751, 0.2458905559123355, 0.3198160346388829, 1.0, 0.2268569426646118, 0.2285160233383067, 0.2367471682632212, 0.3750089406967163]",0
"[0.1692920453162079, 0.4770928755778647, 0.4580645007805332, 0.254666986119512, 0.4241046453649781, -1.0, 0.2285160233383067, 0.2367471682632212, 0.2399826205291771, 0.16342614591121674]",0
"[0.1638018138773081, 0.4360375965856534, 0.4139675625951318, 0.2527885728731565, 0.4315340557518895, -1.0, 0.2367471682632212, 0.2399826205291771, 0.2351919461417012, 0.1524176448583603]",0
"[0.1583057509791836, 0.3842716076371107, 0.3943605493090328, 0.274794242031704, 0.4386950356669322, -1.0, 0.2399826205291771, 0.2351919461417012, 0.2352295958258958, 0.1454540342092514]",0
"[0.1516199136966543, 0.3734314456573824, 0.386307326404052, 0.2717521514808235, 0.4471305974525215, -1.0, 0.2351919461417012, 0.2352295958258958, 0.2251912424420056, 0.14063206315040588]",0
"[0.144542360071825, 0.3865020544886219, 0.362473634052638, 0.2577688979047118, 0.455810082369233, -1.0, 0.2352295958258958, 0.2251912424420056, 0.20083769727091, 0.132737398147583]",0
"[0.1365946845550908, 0.3857619693352982, 0.3820633204862926, 0.3253939313766194, 0.4653211237654181, -1.0, 0.2251912424420056, 0.20083769727091, 0.174714982819661, 0.13635993003845215]",0
"[0.1282833527510768, 0.376764860683163, 0.4170196499357665, 0.3893399317263928, 0.475058722051056, -1.0, 0.20083769727091, 0.174714982819661, 0.157558168770442, 0.13959632813930511]",0
"[0.119047707231564, 0.297674517436981, 0.338408920951819, 0.3341919021105904, 0.4856810514657599, -1.0, 0.174714982819661, 0.157558168770442, 0.1418687786982311, 0.1027250736951828]",0
"[0.1091475050936121, 0.292954486694815, 0.329329965480653, 0.3584221164460381, 0.4968818566753364, -1.0, 0.157558168770442, 0.1418687786982311, 0.1189242667383356, 0.09671853482723236]",0
"[0.0989275611492152, 0.3281964861147761, 0.3511818815691912, 0.4120147567831027, 0.5082808422594621, -1.0, 0.1418687786982311, 0.1189242667383356, 0.1218493065355994, 0.10710596293210983]",0
"[0.0876999771608018, 0.28127237880851, 0.344540915591761, 0.3970515908593897, 0.5206469416109838, -1.0, 0.1189242667383356, 0.1218493065355994, 0.1246140757884343, 0.0956532433629036]",0
"[0.0761828257311697, 0.2743006551153698, 0.3388629330130506, 0.417309606817644, 0.5331909578524386, -1.0, 0.1218493065355994, 0.1246140757884343, 0.127398558498977, 0.09790047258138657]",0
"[0.9195091750737888, 0.3077494445285703, 0.3681982809048159, 0.4198073311047042, 0.3605054019097038, 1.0, 0.1246140757884343, 0.127398558498977, 0.1178622238260535, 0.43742311000823975]",0
"[0.9062302117970196, 0.3411812484772625, 0.3723750783722958, 0.4487160528287929, 0.3746967230563246, 1.0, 0.127398558498977, 0.1178622238260535, 0.0823977947201416, 0.4404675364494324]",0
"[0.8931701947469222, 0.3761316539942811, 0.3688630345061002, 0.4652065482198068, 0.3885456868477308, 1.0, 0.1178622238260535, 0.0823977947201416, 0.0703495926217682, 0.4393869638442993]",0
"[0.8785213515305896, 0.4215747272551147, 0.401802402851221, 0.5247614642947257, 0.4039712524157498, 1.0, 0.0823977947201416, 0.0703495926217682, 0.0155874627268425, 0.4444112479686737]",0
"[0.8636617967062261, 0.4587141183490353, 0.4428748527705828, 0.5804902867793409, 0.4195192170158812, 1.0, 0.0703495926217682, 0.0155874627268425, 0.0053036885568772, 0.45219236612319946]",0
"[0.8475943246442582, 0.5342360441357048, 0.490180947424586, 0.6174586481700078, 0.4362351126420383, 1.0, 0.0155874627268425, 0.0053036885568772, 0.0488246823830631, 0.4713916778564453]",0
"[0.8313492587909405, 0.5230653047774697, 0.4497443001839049, 0.5403823543328986, 0.4530491103990409, 1.0, 0.0053036885568772, 0.0488246823830631, 0.0671921390259165, 0.4611203372478485]",0
"[0.8138370261147676, 0.5804114259236333, 0.443094993069662, 0.4950628262448082, 0.4710911444912599, 1.0, 0.0488246823830631, 0.0671921390259165, 0.1169940987744947, 0.4762495160102844]",0
"[0.795580556345485, 0.6035390221247326, 0.4124576213261601, 0.5420752914641104, 0.4898208406713646, 1.0, 0.0671921390259165, 0.1169940987744947, 0.1400062478594951, 0.49280157685279846]",0
"[0.777198035365243, 0.6082966383213346, 0.4258870728755988, 0.6154627582688083, 0.5086098096693291, 1.0, 0.1169940987744947, 0.1400062478594951, 0.1369666262010268, 0.5130349397659302]",0
"[0.7574573931340726, 0.6112087175454125, 0.4239573303129675, 0.6362902714983485, 0.528719650438922, 1.0, 0.1400062478594951, 0.1369666262010268, 0.1090335240162084, 0.5143267512321472]",0
"[0.7376259318188219, 0.6037841465142205, 0.4337328464225161, 0.6739273333428377, 0.5488615698821606, 1.0, 0.1369666262010268, 0.1090335240162084, 0.1025080989511952, 0.5145004987716675]",0
"[0.3489972694869309, 0.2035026414116691, 0.2728820271701553, 0.2143668142607299, 0.6940625368859576, 1.0, 0.1888083459239405, 0.1852887290725602, 0.1498658985984228, 0.37174054980278015]",0
"[0.1955084729246007, 0.3328979784230554, 0.3503115378046426, 0.2229510270760126, 0.7169560544453614, -1.0, 0.1852887290725602, 0.1498658985984228, 0.1144606027991127, 0.1313869059085846]",0
"[0.2026294820940592, 0.2951778165596092, 0.3099765324392378, 0.2206533220322572, 0.7112957855944312, -1.0, 0.1498658985984228, 0.1144606027991127, 0.1099960346653573, 0.11056437343358994]",0
"[0.2087847844275588, 0.2465320932498714, 0.2937649512417458, 0.2429491649653978, 0.7066085283092343, -1.0, 0.1144606027991127, 0.1099960346653573, 0.0904517100896564, 0.09699033945798874]",0
"[0.2152917097954652, 0.2403253619786105, 0.2895991022546516, 0.2395634054306946, 0.7018958429077844, -1.0, 0.1099960346653573, 0.0904517100896564, 0.1146588582841161, 0.09544742107391357]",0
"[0.2212790464689008, 0.2586844093299647, 0.2700829580541304, 0.225014143125601, 0.6978181277748775, -1.0, 0.0904517100896564, 0.1146588582841161, 0.1124858750900109, 0.09400549530982971]",0
"[0.2271441921304331, 0.2636037886428266, 0.2938560105099752, 0.2942680370483147, 0.6941098475126221, -1.0, 0.1146588582841161, 0.1124858750900109, 0.1075903143994156, 0.1096392571926117]",0
"[0.2325070673961567, 0.2603734396231967, 0.3329779965715609, 0.3598115302301765, 0.6910162882662544, -1.0, 0.1124858750900109, 0.1075903143994156, 0.1132999165563014, 0.12343835085630417]",0
"[0.237723439188129, 0.1865259328948708, 0.2606573577703303, 0.303198267951567, 0.6883375250303227, -1.0, 0.1075903143994156, 0.1132999165563014, 0.103371987346262, 0.09508068114519119]",0
"[0.2426074258513589, 0.1887635383461993, 0.2572614613806783, 0.3281139420603526, 0.686191582608105, -1.0, 0.1132999165563014, 0.103371987346262, 0.0982928277596179, 0.09732688218355179]",0
"[0.2470156882603493, 0.2318617137301447, 0.2845456739230221, 0.3832277176720502, 0.6846282891742748, -1.0, 0.103371987346262, 0.0982928277596179, 0.1034475101067494, 0.11334937810897827]",0
"[0.2512403524800372, 0.1921415417369432, 0.2843172587657978, 0.368062097117962, 0.6835497374442164, -1.0, 0.0982928277596179, 0.1034475101067494, 0.1408344130709097, 0.11143376678228378]",0
"[0.2550071766388976, 0.1932599121875462, 0.2852151631357509, 0.3891067741820376, 0.6830315536578638, -1.0, 0.1034475101067494, 0.1408344130709097, 0.1703607578388595, 0.12469293922185898]",0
"[0.9175381394982705, 0.2362495351027567, 0.3212488481373419, 0.3920093858056986, 0.1892097374114848, 1.0, 0.1408344130709097, 0.1703607578388595, 0.1781110265164502, 0.41316595673561096]",0
"[0.9207551868209785, 0.2797402825128889, 0.3328954570386441, 0.4220951505376396, 0.1897885181259359, 1.0, 0.1703607578388595, 0.1781110265164502, 0.1785277024203505, 0.4294745922088623]",0
"[0.9234541010466908, 0.3246402692802275, 0.3368595228368019, 0.439483566292657, 0.1908470476612092, 1.0, 0.1781110265164502, 0.1785277024203505, 0.1698296262763155, 0.43852102756500244]",0
"[0.926005435728576, 0.3813748177310983, 0.3776887807472495, 0.5011793322673483, 0.1925374714018775, 1.0, 0.1785277024203505, 0.1698296262763155, 0.1966199544904173, 0.46254590153694153]",0
"[0.9281444757804896, 0.4298480647406988, 0.4266843241953278, 0.559011684372914, 0.1947292189820424, 1.0, 0.1698296262763155, 0.1966199544904173, 0.2121343583540205, 0.4881986081600189]",0
"[0.9300120657768912, 0.5182516573575555, 0.4825482355948118, 0.5976993770780008, 0.1975747191846882, 1.0, 0.1966199544904173, 0.2121343583540205, 0.2219772944250408, 0.5199505090713501]",0
"[0.931486033150991, 0.5186759567799395, 0.4520455120048959, 0.5194119545801233, 0.2008964336089245, 1.0, 0.2121343583540205, 0.2219772944250408, 0.2168901631293448, 0.5088205337524414]",0
"[0.9326628842987283, 0.5897242767428557, 0.4556190492916515, 0.4738326034938559, 0.2049221221606747, 1.0, 0.2219772944250408, 0.2168901631293448, 0.2171576972291111, 0.5143795013427734]",0
"[0.933486023852935, 0.6265674603626066, 0.4360139013962774, 0.5231025979408437, 0.2095572021983727, 1.0, 0.2168901631293448, 0.2171576972291111, 0.2193241991340107, 0.5234367251396179]",0
"[0.9339441285858842, 0.644870705709527, 0.4599653928854602, 0.5994989593926161, 0.2146290940432275, 1.0, 0.2171576972291111, 0.2193241991340107, 0.2152753734697793, 0.5394700169563293]",0
"[0.934065980717441, 0.6623424794568825, 0.4696099292736586, 0.622090102330043, 0.2204822360958656, 1.0, 0.2193241991340107, 0.2152753734697793, 0.2210637423466659, 0.5473236441612244]",0
"[0.933842035930158, 0.6694225203817608, 0.4908915573416052, 0.6619892051202831, 0.2267450485457277, 1.0, 0.2152753734697793, 0.2210637423466659, 0.2438918347624184, 0.560422956943512]",0
"[0.0, 0.2035026414116691, 0.2728820271701553, 0.2143668142607299, 0.7357995317037781, 1.0, 0.1270108927451773, 0.128625145350354, 0.198731782670308, 0.23501136898994446]",0
"[1.0, 0.3328979784230554, 0.3503115378046426, 0.2229510270760126, 0.7120711856254616, -1.0, 0.128625145350354, 0.198731782670308, 0.2081617276341712, 0.16886210441589355]",0
"[0.9887119432366772, 0.2951778165596092, 0.3099765324392378, 0.2206533220322572, 0.6842811878821156, -1.0, 0.198731782670308, 0.2081617276341712, 0.1375079532271898, 0.15411217510700226]",0
"[0.9782669544650664, 0.2465320932498714, 0.2937649512417458, 0.2429491649653978, 0.6587537504056246, -1.0, 0.2081617276341712, 0.1375079532271898, 0.1045817080991945, 0.13200359046459198]",0
"[0.9664240165032866, 0.2403253619786105, 0.2895991022546516, 0.2395634054306946, 0.6300143147197277, -1.0, 0.1375079532271898, 0.1045817080991945, 0.101162177598194, 0.11213552206754684]",0
"[0.9546813374423406, 0.2586844093299647, 0.2700829580541304, 0.225014143125601, 0.6017204343659989, -1.0, 0.1045817080991945, 0.101162177598194, 0.0963632788469389, 0.10023251920938492]",0
"[0.9422531071609808, 0.2636037886428266, 0.2938560105099752, 0.2942680370483147, 0.5719812074875403, -1.0, 0.101162177598194, 0.0963632788469389, 0.0747375393445699, 0.10356301814317703]",0
"[0.9299383089445762, 0.2603734396231967, 0.3329779965715609, 0.3598115302301765, 0.5427108493370483, -1.0, 0.0963632788469389, 0.0747375393445699, 0.1319046442284333, 0.11534682661294937]",0
"[0.916912991394848, 0.1865259328948708, 0.2606573577703303, 0.303198267951567, 0.5119533595378382, -1.0, 0.0747375393445699, 0.1319046442284333, 0.1755965195993122, 0.09431348741054535]",0
"[0.9035797158710652, 0.1887635383461993, 0.2572614613806783, 0.3281139420603526, 0.4806713129346667, -1.0, 0.1319046442284333, 0.1755965195993122, 0.1123519711968343, 0.09608485549688339]",0
"[0.8903804597895291, 0.2318617137301447, 0.2845456739230221, 0.3832277176720502, 0.4498944232764375, -1.0, 0.1755965195993122, 0.1123519711968343, 0.0868766009335972, 0.10064145922660828]",0
"[0.8764323078942858, 0.1921415417369432, 0.2843172587657978, 0.368062097117962, 0.4175662547526189, -1.0, 0.1123519711968343, 0.0868766009335972, 0.1323300811451457, 0.08293379843235016]",0
"[0.862632302929663, 0.1932599121875462, 0.2852151631357509, 0.3891067741820376, 0.3857680511091566, -1.0, 0.0868766009335972, 0.1323300811451457, 0.1249684515462609, 0.08197791129350662]",0
"[0.8496657274093476, 0.2362495351027567, 0.3212488481373419, 0.3920093858056986, 0.8205909787335031, 1.0, 0.1323300811451457, 0.1249684515462609, 0.1581073686655799, 0.371132493019104]",0
"[0.8347679117016303, 0.2797402825128889, 0.3328954570386441, 0.4220951505376396, 0.7866501146327773, 1.0, 0.1249684515462609, 0.1581073686655799, 0.1621274594843557, 0.379618763923645]",0
"[0.8205361395911271, 0.3246402692802275, 0.3368595228368019, 0.439483566292657, 0.754398557241355, 1.0, 0.1581073686655799, 0.1621274594843557, 0.1904355835251023, 0.39014503359794617]",0
"[0.8050045234800333, 0.3813748177310983, 0.3776887807472495, 0.5011793322673483, 0.7193832984772296, 1.0, 0.1621274594843557, 0.1904355835251023, 0.2314523200666266, 0.4130048453807831]",0
"[0.789657912487782, 0.4298480647406988, 0.4266843241953278, 0.559011684372914, 0.6849624133530496, 1.0, 0.1904355835251023, 0.2314523200666266, 0.3150679013404044, 0.4452962875366211]",0
"[0.7734702343643729, 0.5182516573575555, 0.4825482355948118, 0.5976993770780008, 0.6488365330272186, 1.0, 0.2314523200666266, 0.3150679013404044, 0.4357329061040927, 0.4926344156265259]",0
"[0.7574830174172423, 0.5186759567799395, 0.4520455120048959, 0.5194119545801233, 0.6133319149103273, 1.0, 0.3150679013404044, 0.4357329061040927, 0.5780781772909763, 0.5163261890411377]",0
"[0.7406274823327311, 0.5897242767428557, 0.4556190492916515, 0.4738326034938559, 0.5760769412946, 1.0, 0.4357329061040927, 0.5780781772909763, 0.5176182683292123, 0.537879467010498]",0
"[0.7234280243483476, 0.6265674603626066, 0.4360139013962774, 0.5231025979408437, 0.5382410872446906, 1.0, 0.5780781772909763, 0.5176182683292123, 0.4788929605179133, 0.5432512760162354]",0
"[0.7064530579697454, 0.644870705709527, 0.4599653928854602, 0.5994989593926161, 0.5010681756851936, 1.0, 0.5176182683292123, 0.4788929605179133, 0.478008734066862, 0.5399501323699951]",0
"[0.6885679539211665, 0.6623424794568825, 0.4696099292736586, 0.622090102330043, 0.462075369345494, 1.0, 0.4788929605179133, 0.478008734066862, 0.4972063528166029, 0.5378692150115967]",0
"[0.6709237518600581, 0.6694225203817608, 0.4908915573416052, 0.6619892051202831, 0.4237738886048159, 1.0, 0.478008734066862, 0.4972063528166029, 0.5551109624765845, 0.5500063300132751]",0
"[0.7478796799933007, 0.205376552575163, 0.2558633051075864, 0.3462922028635102, 0.283605274512242, 1.0, 0.1993887381955018, 0.1865735643835444, 0.2402862171990114, 0.3746494650840759]",0
"[0.3482879958642985, 0.33423142867284, 0.3326270947295263, 0.2739078635325174, 0.8017669772956917, -1.0, 0.1865735643835444, 0.2402862171990114, 0.2456829324398578, 0.18418608605861664]",0
"[0.3551908668643786, 0.2957038469933649, 0.2928325962823198, 0.243444569670986, 0.7988411654336172, -1.0, 0.2402862171990114, 0.2456829324398578, 0.270776245467558, 0.18174108862876892]",0
"[0.3615051673997765, 0.2462769511741047, 0.2769250602154227, 0.2538669974353669, 0.7959720560407502, -1.0, 0.2456829324398578, 0.270776245467558, 0.2321294351996396, 0.1748095005750656]",0
"[0.368589442324599, 0.2392353322564, 0.2729788621308567, 0.2344753447806856, 0.7925410185009524, -1.0, 0.270776245467558, 0.2321294351996396, 0.1917296459058613, 0.16546915471553802]",0
"[0.375544108053132, 0.2567836641214394, 0.2538530410674212, 0.2457160423342912, 0.7889622157963784, -1.0, 0.2321294351996396, 0.1917296459058613, 0.192706118030423, 0.15800559520721436]",0
"[0.3828386011152888, 0.2608076880393641, 0.2776107241762529, 0.2780642094265102, 0.784993022278463, -1.0, 0.1917296459058613, 0.192706118030423, 0.2175078874580507, 0.1636819839477539]",0
"[0.3900078534327458, 0.2566622445964414, 0.3165785946529957, 0.2876169884009351, 0.7808856489145786, -1.0, 0.192706118030423, 0.2175078874580507, 0.2265214927146348, 0.17317622900009155]",0
"[0.3975356073080215, 0.1817323630374472, 0.2452565536824847, 0.22301171688397, 0.7763622320122063, -1.0, 0.2175078874580507, 0.2265214927146348, 0.2514251623223579, 0.15595611929893494]",0
"[0.4051907342156215, 0.1829518268368428, 0.2421909204060102, 0.2437968297048686, 0.7715510030857956, -1.0, 0.2265214927146348, 0.2514251623223579, 0.2605900003805849, 0.16341549158096313]",0
"[0.412725802942251, 0.2250817702875543, 0.2695113318418851, 0.2739081277240491, 0.7666170311929353, -1.0, 0.2514251623223579, 0.2605900003805849, 0.2632235756114022, 0.17940066754817963]",0
"[0.4206489435510435, 0.1842034597904997, 0.2696313908348811, 0.2562724982112164, 0.7612273460725076, -1.0, 0.2605900003805849, 0.2632235756114022, 0.2811169636532424, 0.17638596892356873]",0
"[0.4284545300574308, 0.1842150088312081, 0.2708800947581297, 0.27982437393529, 0.7557258033114024, -1.0, 0.2632235756114022, 0.2811169636532424, 0.2455684690542952, 0.1777466982603073]",0
"[0.6263876424714789, 0.2260760327228456, 0.3069492859964474, 0.2875787132196548, 0.4624984080864395, 1.0, 0.2811169636532424, 0.2455684690542952, 0.1961782829233622, 0.39324358105659485]",0
"[0.6347585840056227, 0.2683949215562329, 0.3189035577342398, 0.2800436286230451, 0.4562059069040295, 1.0, 0.2455684690542952, 0.1961782829233622, 0.221173865212985, 0.3921152651309967]",0
"[0.6427366384311021, 0.3121641086812354, 0.3232498739584123, 0.3259497346901119, 0.4500365983239694, 1.0, 0.1961782829233622, 0.221173865212985, 0.2388800651315079, 0.402415007352829]",0
"[0.6514278623167111, 0.3676581726079446, 0.3641465949256666, 0.3331357909334334, 0.4431356138203816, 1.0, 0.221173865212985, 0.2388800651315079, 0.2515342570857094, 0.4208338260650635]",0
"[0.6600045380337654, 0.4148784294014819, 0.4131388522260025, 0.3329027287069724, 0.4361521506163174, 1.0, 0.2388800651315079, 0.2515342570857094, 0.2975622983386489, 0.4408453106880188]",0
"[0.6690442361114267, 0.5019944083586942, 0.4689748228169642, 0.3483307285494769, 0.4286166056965784, 1.0, 0.2515342570857094, 0.2975622983386489, 0.3312638559486365, 0.4698808193206787]",0
"[0.6779692945993948, 0.5010102992281318, 0.4393230835304654, 0.3142889278923775, 0.4210112772157525, 1.0, 0.2975622983386489, 0.3312638559486365, 0.3850890776975084, 0.4778957664966583]",0
"[0.6873805095448886, 0.5706537224266689, 0.4434519779606075, 0.3254446894356838, 0.4128251044735236, 1.0, 0.3312638559486365, 0.3850890776975084, 0.4071753938984323, 0.5003663897514343]",0
"[0.6969893587964111, 0.6059964166939211, 0.4246651027367187, 0.3521929310900488, 0.4043021272879282, 1.0, 0.3850890776975084, 0.4071753938984323, 0.4504287075130765, 0.5190466046333313]",0
"[0.706482024656546, 0.6227769483744519, 0.4490055875971874, 0.3801309970311937, 0.39572949364197, 1.0, 0.4071753938984323, 0.4504287075130765, 0.4201770078030408, 0.5310294032096863]",0
"[0.716497143663979, 0.6386243944162953, 0.4592341527212258, 0.3933234465813672, 0.3865316558243243, 1.0, 0.4504287075130765, 0.4201770078030408, 0.3759436074407961, 0.5319166779518127]",0
"[0.7263941234858523, 0.6440710496034043, 0.4809903938146649, 0.4105790293409537, 0.37729815669267, 1.0, 0.4201770078030408, 0.3759436074407961, 0.371355791097528, 0.5281226634979248]",0
"[0.3379214699477834, 0.1528106068489271, 0.2855419785068879, 0.3978444279071332, 0.6224339080029112, 1.0, 0.3618764918973357, 0.4026597212199378, 0.4279317843484092, 0.43388083577156067]",0
"[0.1689209902246619, 0.3272466503045702, 0.4021841461780824, 0.296757421600767, 0.5427159973833647, -1.0, 0.4026597212199378, 0.4279317843484092, 0.4268129195255105, 0.2113666981458664]",0
"[0.1759131071356145, 0.2753747771217052, 0.3420065068532813, 0.2544069089310187, 0.5460407160681591, -1.0, 0.4279317843484092, 0.4268129195255105, 0.4159772290648915, 0.19618651270866394]",0
"[0.1821509300656922, 0.2088351860777942, 0.3181810121511184, 0.2693071317499322, 0.5491841305323162, -1.0, 0.4268129195255105, 0.4159772290648915, 0.3364089423686318, 0.1778784841299057]",0
"[0.1889721991211817, 0.1997780999417532, 0.3126753269094331, 0.2426560857407987, 0.5528213726683667, -1.0, 0.4159772290648915, 0.3364089423686318, 0.3086033348388372, 0.16066426038742065]",0
"[0.1954895412989347, 0.2240842619567579, 0.2842390103795011, 0.2589405622074017, 0.5564999303031565, -1.0, 0.3364089423686318, 0.3086033348388372, 0.3295691973754265, 0.15332795679569244]",0
"[0.2021385703419221, 0.2302360841932942, 0.3210604677286349, 0.3048799763323718, 0.5604666714519101, -1.0, 0.3086033348388372, 0.3295691973754265, 0.3349352258897423, 0.1646604835987091]",0
"[0.208491392806266, 0.2254337873107843, 0.381082710958569, 0.3190331899605572, 0.5644672384079872, -1.0, 0.3295691973754265, 0.3349352258897423, 0.3889670946557476, 0.1831699013710022]",0
"[0.2149726544540411, 0.1250330013624161, 0.2738442087623782, 0.229624721252125, 0.5687699664746977, -1.0, 0.3349352258897423, 0.3889670946557476, 0.3829114236201629, 0.1562523990869522]",0
"[0.221370371304157, 0.1277716182228851, 0.2703727643698881, 0.2597611612036027, 0.5732459283534875, -1.0, 0.3889670946557476, 0.3829114236201629, 0.3368459949151282, 0.1610080450773239]",0
"[0.2274832524141388, 0.1859423063215317, 0.3131347887178842, 0.3030284024210714, 0.5777440242599695, -1.0, 0.3829114236201629, 0.3368459949151282, 0.2130957252002213, 0.15850350260734558]",0
"[0.2337199474557697, 0.1319989246578774, 0.3147967964080187, 0.2796890864506002, 0.5825657580941472, -1.0, 0.3368459949151282, 0.2130957252002213, 0.2962880744543311, 0.141133114695549]",0
"[0.2396791651788089, 0.1334558741441515, 0.3182722575264773, 0.3140349339432479, 0.5874016113309658, -1.0, 0.2130957252002213, 0.2962880744543311, 0.303350255455407, 0.14314879477024078]",0
"[0.2857382252669106, 0.1917097672983431, 0.3748168929144077, 0.3264685516088945, 0.5146041039302202, 1.0, 0.2962880744543311, 0.303350255455407, 0.2931383677107744, 0.3882497251033783]",0
"[0.2917405273741864, 0.2507260627784914, 0.3949134262844221, 0.3176581626902872, 0.519959601293237, 1.0, 0.303350255455407, 0.2931383677107744, 0.2872503864247367, 0.39656704664230347]",0
"[0.29728613494613, 0.3117216754138959, 0.4034826618916288, 0.3836012027830203, 0.5251353835364587, 1.0, 0.2931383677107744, 0.2872503864247367, 0.3083127673331223, 0.4138583242893219]",0
"[0.3031410531859304, 0.3888442411876542, 0.4678360412969237, 0.3956528164032608, 0.5308469383275287, 1.0, 0.2872503864247367, 0.3083127673331223, 0.3512266758709276, 0.4395577609539032]",0
"[0.3087362021728866, 0.45485154310329, 0.5445670800352613, 0.3974025757262936, 0.5365517311598474, 1.0, 0.3083127673331223, 0.3512266758709276, 0.3888467877728448, 0.469176322221756]",0
"[0.3144457161039119, 0.5750479791661616, 0.6319351841623515, 0.4212688660675305, 0.5426317123951405, 1.0, 0.3512266758709276, 0.3888467877728448, 0.3941673491267273, 0.5070297122001648]",0
"[0.3199023154133219, 0.5761416469885153, 0.5896065059097674, 0.3760205968858409, 0.5486961862566686, 1.0, 0.3888467877728448, 0.3941673491267273, 0.4405449032178176, 0.5086064338684082]",0
"[0.3254708976528618, 0.6730105872400572, 0.5988243479011784, 0.3942098075654425, 0.5551510818414381, 1.0, 0.3941673491267273, 0.4405449032178176, 0.3919282996334548, 0.5246284008026123]",0
"[0.3309695729113857, 0.7236404828750984, 0.5734339194944469, 0.4343599631322831, 0.5617989940313545, 1.0, 0.4405449032178176, 0.3919282996334548, 0.3433937224466951, 0.5274844169616699]",0
"[0.336225398789372, 0.7492248808393411, 0.6135884938490199, 0.4762353194783895, 0.5684178131896617, 1.0, 0.3919282996334548, 0.3433937224466951, 0.3329039434205987, 0.5289844870567322]",0
"[0.3415898879431399, 0.7738057473896485, 0.632609303909976, 0.4977394227754856, 0.5754504247664854, 1.0, 0.3433937224466951, 0.3329039434205987, 0.3559622450200706, 0.5339248776435852]",0
"[0.3467180204700485, 0.784375442185605, 0.6691971589754294, 0.5249815161037534, 0.5824446729630516, 1.0, 0.3329039434205987, 0.3559622450200706, 0.3816983235978637, 0.5483269095420837]",0
"[0.7181274042579399, 0.2280297779658431, 0.2752030817287575, 0.3650587463196481, 0.3962582824193107, 1.0, 0.1750753946917556, 0.1876104504217071, 0.2020417506531233, 0.3837784230709076]",0
"[0.0, 0.3571726762295323, 0.352687166158417, 0.2905917671427569, 0.2794257116084954, -1.0, 0.1876104504217071, 0.2020417506531233, 0.2581010700237915, 0.08857013285160065]",0
"[0.0121249005508757, 0.3186745737841054, 0.3118212738392316, 0.2587971821797579, 0.2761291106544435, -1.0, 0.2020417506531233, 0.2581010700237915, 0.2193684938957439, 0.08036984503269196]",0
"[0.0230268002751303, 0.2692398936961158, 0.2952116507755439, 0.2686986722583784, 0.2732034785262009, -1.0, 0.2581010700237915, 0.2193684938957439, 0.1933301772362268, 0.07372036576271057]",0
"[0.0350365044796077, 0.2622441963841261, 0.2906535804917862, 0.2480903169010011, 0.2700230675518406, -1.0, 0.2193684938957439, 0.1933301772362268, 0.1639915092289171, 0.060180116444826126]",0
"[0.0465932498521125, 0.279857225076169, 0.2706650684256759, 0.2586773067989312, 0.2670051253970054, -1.0, 0.1933301772362268, 0.1639915092289171, 0.1467253941461178, 0.053732309490442276]",0
"[0.0584618676766942, 0.2839114968465065, 0.2941425263317424, 0.2906940290350425, 0.2639496961577914, -1.0, 0.1639915092289171, 0.1467253941461178, 0.1355441296934519, 0.054964132606983185]",0
"[0.0698712626055213, 0.2797677312216198, 0.3330372782175888, 0.2994591478470765, 0.2610550914872636, -1.0, 0.1467253941461178, 0.1355441296934519, 0.1707500811925704, 0.061778414994478226]",0
"[0.0815764425597344, 0.2047199749097298, 0.2599190332937828, 0.232562989393273, 0.2581295779804722, -1.0, 0.1355441296934519, 0.1707500811925704, 0.1773497514891443, 0.04149135574698448]",0
"[0.093189998155362, 0.2059149868439864, 0.2560371564958354, 0.2526335104245525, 0.2552719780802723, -1.0, 0.1707500811925704, 0.1773497514891443, 0.1385639235315107, 0.044811900705099106]",0
"[0.104336247163592, 0.248063943367569, 0.282978630873198, 0.2821906923975544, 0.2525724218532332, -1.0, 0.1773497514891443, 0.1385639235315107, 0.1644147394871738, 0.056444086134433746]",0
"[0.1157526544441981, 0.2070645624980166, 0.2822385081358757, 0.2629946659488477, 0.249852179123971, -1.0, 0.1385639235315107, 0.1644147394871738, 0.1825019458220881, 0.05103563889861107]",0
"[0.1266972995231425, 0.2069989289400031, 0.2826263316299704, 0.2857575045841565, 0.2472879366094245, -1.0, 0.1644147394871738, 0.1825019458220881, 0.1830554932598911, 0.05977294221520424]",0
"[0.6260376563202211, 0.2488225511389845, 0.3182807775578749, 0.2923217880740286, 0.5287655370894644, 1.0, 0.1825019458220881, 0.1830554932598911, 0.2032777355781405, 0.3876756727695465]",0
"[0.6371144489451183, 0.2910854775347893, 0.3294087747871879, 0.2832448650343409, 0.5262617882909016, 1.0, 0.1830554932598911, 0.2032777355781405, 0.2059899385399649, 0.3964460492134094]",0
"[0.6473627554027959, 0.334790666280288, 0.3328341924487992, 0.3286658440637238, 0.523987876750925, 1.0, 0.2032777355781405, 0.2059899385399649, 0.2102073233063988, 0.4109813868999481]",0
"[0.658190668970761, 0.3902096890251612, 0.373242112575017, 0.3344736220458981, 0.5216313661465868, 1.0, 0.2059899385399649, 0.2102073233063988, 0.2209647520357751, 0.4256703853607178]",0
"[0.668538854561383, 0.4373285596400666, 0.4218538584322477, 0.3327103064302248, 0.5194250714387042, 1.0, 0.2102073233063988, 0.2209647520357751, 0.246075979485674, 0.44204211235046387]",0
"[0.6790915728065954, 0.524375222690507, 0.4773236367311638, 0.3467945929832571, 0.5172231465531704, 1.0, 0.2209647520357751, 0.246075979485674, 0.249558910572636, 0.46554309129714966]",0
"[0.689162625105611, 0.5231798738113, 0.4460098563895762, 0.3104559315594895, 0.5151688383460384, 1.0, 0.246075979485674, 0.249558910572636, 0.2612762619940958, 0.46314647793769836]",0
"[0.6994177965375922, 0.5926868262954957, 0.4488909700367286, 0.3200601599510136, 0.5131264331765854, 1.0, 0.249558910572636, 0.2612762619940958, 0.2443036322508399, 0.4733288586139679]",0
"[0.70951318988593, 0.6278213756482683, 0.4284576973412157, 0.3454894654914244, 0.5111669862611562, 1.0, 0.2612762619940958, 0.2443036322508399, 0.2465314524083567, 0.47847792506217957]",0
"[0.7191253581986267, 0.6443540658897438, 0.4517913310562459, 0.3721273391652303, 0.5093509348501812, 1.0, 0.2443036322508399, 0.2465314524083567, 0.2599253466400565, 0.4869022071361542]",0
"[0.7288894942890832, 0.6599211259765859, 0.4607003792884567, 0.3836107345288908, 0.507558449089348, 1.0, 0.2465314524083567, 0.2599253466400565, 0.2976438106817405, 0.4980880916118622]",0
"[0.7381702758245625, 0.6650603057691221, 0.4813040099433454, 0.3992335724948786, 0.5059063604073091, 1.0, 0.2599253466400565, 0.2976438106817405, 0.3015632392315882, 0.5099776387214661]",0
"[0.3706589729704677, 0.2499218146624679, 0.2703254466259165, 0.3748920881836831, 0.7187281333175443, 1.0, 0.195688342003678, 0.2046283157060116, 0.2649581204639802, 0.395020991563797]",0
"[0.161140277940067, 0.3796215699658015, 0.3549232219919436, 0.2721117345993714, 0.7839809986656681, -1.0, 0.2046283157060116, 0.2649581204639802, 0.3181045117415409, 0.1816587597131729]",1
"[0.1520429840623028, 0.336712107382412, 0.3068662982315043, 0.2284147426315627, 0.7523642280823444, -1.0, 0.2649581204639802, 0.3181045117415409, 0.3495182261421981, 0.17812155187129974]",1
"[0.1428458434428062, 0.2827393574394382, 0.2861776955468557, 0.2424138912784881, 0.722415503500607, -1.0, 0.3181045117415409, 0.3495182261421981, 0.2574068089037387, 0.16562864184379578]",1
"[0.1315598518864575, 0.2719421472238035, 0.2787373232667194, 0.2146134331721066, 0.68768784180231, -1.0, 0.3495182261421981, 0.2574068089037387, 0.1671278013204345, 0.13757571578025818]",1
"[0.1195158821672652, 0.2864258757556759, 0.2540488165489238, 0.2300597430748526, 0.6524803350706234, -1.0, 0.2574068089037387, 0.1671278013204345, 0.1504571703301572, 0.1098831295967102]",0
"[0.1058917801816522, 0.2866817888573862, 0.2779569916456769, 0.2753496530836944, 0.6144147448614965, -1.0, 0.1671278013204345, 0.1504571703301572, 0.1113714612509798, 0.09519203007221222]",0
"[0.0915481197555064, 0.2784749804072527, 0.3191875860193295, 0.2887987094813941, 0.5759171735141255, -1.0, 0.1504571703301572, 0.1113714612509798, 0.1014021949696417, 0.08694352209568024]",0
"[0.0755094340714492, 0.1970326287100441, 0.2347923854488848, 0.1982289670828114, 0.5343900449434157, -1.0, 0.1113714612509798, 0.1014021949696417, 0.1272813156945449, 0.048141032457351685]",0
"[0.0582143579935151, 0.1938556452508746, 0.2279497448958025, 0.2278828821338074, 0.4910564028846831, -1.0, 0.1014021949696417, 0.1272813156945449, 0.1077186125333393, 0.043024659156799316]",0
"[0.0402623338971342, 0.2327892524989127, 0.2556986834997636, 0.2708401230023888, 0.4473705097611025, -1.0, 0.1272813156945449, 0.1077186125333393, 0.1109895751071139, 0.049691274762153625]",0
"[0.0204373373869117, 0.1858681497388769, 0.252319626121707, 0.2469381315623531, 0.4003889013691592, -1.0, 0.1077186125333393, 0.1109895751071139, 0.1929373527600369, 0.04108171537518501]",0
"[0.0, 0.1810432878695634, 0.2502606176117321, 0.2811168641581525, 0.3531129070275902, -1.0, 0.1109895751071139, 0.1929373527600369, 0.2238366923996646, 0.049858830869197845]",0
"[1.0, 0.2189781567281793, 0.2876105815290081, 0.2933668900061512, 0.8333251219862355, 1.0, 0.1929373527600369, 0.2238366923996646, 0.2283580153683909, 0.46628016233444214]",0
"[0.976214742179779, 0.2571852602099704, 0.2974519358916658, 0.2843771402897904, 0.7806078637174929, 1.0, 0.2238366923996646, 0.2283580153683909, 0.2137450540851422, 0.4644399583339691]",0
"[0.9527208557837764, 0.2970512866698675, 0.2988095713606026, 0.3506225902253715, 0.7294853498182353, 1.0, 0.2283580153683909, 0.2137450540851422, 0.2314675129045031, 0.4691252112388611]",0
"[0.9262591026141366, 0.3484379299052463, 0.3414142562731582, 0.3628226372121462, 0.6728759692936637, 1.0, 0.2137450540851422, 0.2314675129045031, 0.2571813209796822, 0.4753122627735138]",0
"[0.8993068928102746, 0.3912896724048461, 0.3932766291493867, 0.3647837066942873, 0.6161337383246873, 1.0, 0.2314675129045031, 0.2571813209796822, 0.3157087892580069, 0.4886995851993561]",0
"[0.8700481895962878, 0.4748430650771701, 0.4527156657364156, 0.389102546616455, 0.5554447701847673, 1.0, 0.2571813209796822, 0.3157087892580069, 0.3754607739896406, 0.5143206119537354]",0
"[0.8403522507482943, 0.4676303328112262, 0.4149773287383745, 0.3440791584425601, 0.4946947399828317, 1.0, 0.3157087892580069, 0.3754607739896406, 0.3662854161338578, 0.5062063336372375]",0
"[0.8082201242207843, 0.5327612732872383, 0.4154486686617353, 0.3629559628473614, 0.4298025743768121, 1.0, 0.3754607739896406, 0.3662854161338578, 0.3122839505102911, 0.5044415593147278]",0
"[0.7745984265114078, 0.5623362115991565, 0.3897765235951624, 0.4040428423555892, 0.3627269865575249, 1.0, 0.3662854161338578, 0.3122839505102911, 0.3754371250313804, 0.49834737181663513]",0
"[0.7406244268289153, 0.57279784769981, 0.4132203758088921, 0.4469776259533415, 0.2957061495828327, 1.0, 0.3122839505102911, 0.3754371250313804, 0.4070036529544547, 0.5006516575813293]",0
"[0.7040139690721676, 0.5818504021546129, 0.4203944070752665, 0.4696157052467468, 0.2242409363258164, 1.0, 0.3754371250313804, 0.4070036529544547, 0.4702699594688813, 0.5110390186309814]",0
"[0.66711061776197, 0.5802066924305861, 0.4407486852658997, 0.4981334679191919, 0.1529122635158626, 1.0, 0.4070036529544547, 0.4702699594688813, 0.5494826378044634, 0.5243566632270813]",0
"[0.7705495389655368, 0.1549799250460261, 0.220862481126951, 0.4266900801072901, 0.4431678648949847, 1.0, 0.2976345416250621, 0.2989655048894871, 0.3596488683378437, 0.4319985508918762]",0
"[0.7008699026272771, 0.2860453303695439, 0.300313605153196, 0.3232790768587669, 0.6172911613143185, -1.0, 0.2989655048894871, 0.3596488683378437, 0.4363869552312096, 0.24870266020298004]",1
"[0.6805051533478435, 0.247213451566459, 0.2597782895524501, 0.2801562947324943, 0.6052187286859747, -1.0, 0.3596488683378437, 0.4363869552312096, 0.442778552422364, 0.24739091098308563]",1
"[0.6622633857539879, 0.1973329667302309, 0.2438616412295159, 0.2957631677965963, 0.5940435493319659, -1.0, 0.4363869552312096, 0.442778552422364, 0.3248554805511666, 0.23399920761585236]",1
"[0.6422440071500161, 0.1905717646725197, 0.2403818341181216, 0.2687449464880066, 0.5813665775105745, -1.0, 0.442778552422364, 0.3248554805511666, 0.2660061076317477, 0.20626217126846313]",1
"[0.6230556449022204, 0.2088174219248825, 0.2213161259515923, 0.2857835361376939, 0.5687896036662771, -1.0, 0.3248554805511666, 0.2660061076317477, 0.2447667597529175, 0.18175913393497467]",1
"[0.6034279076868724, 0.21340070715905, 0.2465125058209538, 0.333267472090325, 0.5554695502015017, -1.0, 0.2660061076317477, 0.2447667597529175, 0.2100366964735098, 0.17368492484092712]",0
"[0.5846355561151015, 0.2097274173296226, 0.2874220513598285, 0.3481054456880096, 0.5422613600460547, -1.0, 0.2447667597529175, 0.2100366964735098, 0.1855337362447564, 0.16676568984985352]",0
"[0.5654345995749034, 0.1342590469419321, 0.214833578096149, 0.2566395412410824, 0.5282798745149556, -1.0, 0.2100366964735098, 0.1855337362447564, 0.2289356804485134, 0.13358059525489807]",0
"[0.5464639980143575, 0.136166748765971, 0.2126248873542357, 0.2878801492033886, 0.5139552189380268, -1.0, 0.1855337362447564, 0.2289356804485134, 0.2076732802549378, 0.13305915892124176]",0
"[0.5283332278617756, 0.1796477814650355, 0.241756793729199, 0.3325823459506589, 0.4997614415541833, -1.0, 0.2289356804485134, 0.2076732802549378, 0.2108092677175299, 0.14575019478797913]",0
"[0.5098424039330999, 0.138931040898235, 0.2429832190329613, 0.3089138291179141, 0.4847476778632171, -1.0, 0.2076732802549378, 0.2108092677175299, 0.2898114053676908, 0.14171312749385834]",0
"[0.4921929375951596, 0.1397647440481071, 0.2454128211052349, 0.3444423152102074, 0.4698781424224308, -1.0, 0.2108092677175299, 0.2898114053676908, 0.3293391356086801, 0.15650662779808044]",0
"[0.363843946920958, 0.1831790002387922, 0.283825368930389, 0.3574781234179118, 0.4208507770991452, 1.0, 0.2898114053676908, 0.3293391356086801, 0.3381930938284597, 0.38609227538108826]",0
"[0.34614318544017, 0.2271220512502141, 0.2974823922823107, 0.3486976677598852, 0.4047629943238927, 1.0, 0.3293391356086801, 0.3381930938284597, 0.3249703763924031, 0.3918434679508209]",0
"[0.329841538902617, 0.2725334745707511, 0.3032925006985659, 0.4166268528135486, 0.38937708498943, 1.0, 0.3381930938284597, 0.3249703763924031, 0.3219813446647581, 0.4010098874568939]",0
"[0.3126990979282301, 0.329980300147182, 0.3469235410818406, 0.429242983020952, 0.372566366963632, 1.0, 0.3249703763924031, 0.3219813446647581, 0.3297491219266119, 0.40933290123939514]",0
"[0.2963968861538088, 0.3790545475910833, 0.3989265086567656, 0.4312667317336288, 0.3559357181452441, 1.0, 0.3219813446647581, 0.3297491219266119, 0.3828716341577969, 0.4242209196090698]",0
"[0.2798569222871757, 0.468740750453209, 0.458116042998979, 0.4559907614819565, 0.3383718159384212, 1.0, 0.3297491219266119, 0.3828716341577969, 0.429264668400003, 0.45275256037712097]",0
"[0.2641547557556719, 0.4690015320106793, 0.4292844867477339, 0.409750637358427, 0.3210033999660052, 1.0, 0.3828716341577969, 0.429264668400003, 0.4328423870854326, 0.4522026479244232]",0
"[0.2482524082833148, 0.5410836515423003, 0.4353923639297984, 0.4286258860837322, 0.302667963155217, 1.0, 0.429264668400003, 0.4328423870854326, 0.3831188765550763, 0.45942723751068115]",0
"[0.2326875618118085, 0.5784098472166735, 0.4179886322722541, 0.4700330214938228, 0.2839334025499618, 1.0, 0.4328423870854326, 0.3831188765550763, 0.4460234326875648, 0.4645869731903076]",0
"[0.2179547009643178, 0.5969111010937969, 0.4450311541950681, 0.5131938795747123, 0.265418699717267, 1.0, 0.3831188765550763, 0.4460234326875648, 0.4721877893582922, 0.4757263958454132]",0
"[0.2030804678438078, 0.6145853784860248, 0.4576967067452465, 0.5354376167306117, 0.2458849284603329, 1.0, 0.4460234326875648, 0.4721877893582922, 0.5287416041247195, 0.49459680914878845]",0
"[0.189032945377859, 0.6217185392258644, 0.4822576008395353, 0.5635543983012328, 0.2265879167278171, 1.0, 0.4721877893582922, 0.5287416041247195, 0.604213865865807, 0.5160108208656311]",0
"[0.0, 0.225434912291112, 0.2733517721401555, 0.3564987678093308, 0.4516351651391858, 1.0, 0.3428929450786988, 0.3819225682036133, 0.3636191827887012, 0.36695894598960876]",0
"[1.0, 0.3544992922535935, 0.3506876379649383, 0.2838200277024024, 0.4797373338635723, -1.0, 0.3819225682036133, 0.3636191827887012, 0.3965171891529835, 0.28208163380622864]",0
"[0.9867152027439612, 0.3159091912041149, 0.3105989987179252, 0.2532266377100612, 0.4792053160122018, -1.0, 0.3636191827887012, 0.3965171891529835, 0.3284263529318382, 0.26166194677352905]",0
"[0.9743477217503652, 0.2663889372041913, 0.2945559145146117, 0.2636805188875049, 0.478714952454661, -1.0, 0.3965171891529835, 0.3284263529318382, 0.3082344999801069, 0.24732153117656708]",0
"[0.9602421826080312, 0.2593002496120703, 0.290541352184735, 0.2441850303194038, 0.4781610472551214, -1.0, 0.3284263529318382, 0.3082344999801069, 0.3107161812809207, 0.23229601979255676]",0
"[0.946173319220219, 0.276823384439835, 0.2712198275481657, 0.2554398403548116, 0.4776138844771472, -1.0, 0.3082344999801069, 0.3107161812809207, 0.2894487261393547, 0.22720234096050262]",0
"[0.9311977117096126, 0.280782084232219, 0.2950729055762791, 0.2878780503449853, 0.4770368618587117, -1.0, 0.3107161812809207, 0.2894487261393547, 0.2778185934581409, 0.22882652282714844]",0
"[0.916276267738712, 0.2765436205801718, 0.334230477457163, 0.297416845614718, 0.4764670872581777, -1.0, 0.2894487261393547, 0.2778185934581409, 0.3193123241081806, 0.23322917520999908]",0
"[0.9004087287246622, 0.2013913190490782, 0.262272361157822, 0.2324761150177683, 0.4758664509586802, -1.0, 0.2778185934581409, 0.3193123241081806, 0.3169731728748814, 0.21004079282283783]",0
"[0.8840795344287617, 0.202485412078464, 0.2590467895096069, 0.2532693212818938, 0.475253624081183, -1.0, 0.3193123241081806, 0.3169731728748814, 0.2657630554479036, 0.20874980092048645]",0
"[0.8678322126452657, 0.244537921883447, 0.2864128131131518, 0.2834187426101651, 0.474648838039151, -1.0, 0.3169731728748814, 0.2657630554479036, 0.2850369386133176, 0.2143523246049881]",0
"[0.8505781129371401, 0.2034311865670546, 0.286354292881548, 0.2656078375468003, 0.4740116490196203, -1.0, 0.2657630554479036, 0.2850369386133176, 0.3034191048105172, 0.20399793982505798]",0
"[0.8334251424635041, 0.2032627611230633, 0.2874176116018129, 0.2891473272026894, 0.4733830465842491, -1.0, 0.2850369386133176, 0.3034191048105172, 0.2877760562563007, 0.20726032555103302]",0
"[0.8168354820076319, 0.2449813584694399, 0.3235264699610014, 0.2968075591624151, 0.7617516887120139, 1.0, 0.3034191048105172, 0.2877760562563007, 0.3041312344768962, 0.47324317693710327]",0
"[0.7981450904643178, 0.2871374941950692, 0.3353222332774633, 0.2891020093910288, 0.761076818146065, 1.0, 0.2877760562563007, 0.3041312344768962, 0.3211223757781741, 0.478443443775177]",0
"[0.780212359940399, 0.330741439609842, 0.3394496332148782, 0.3350571613167343, 0.7604337652017271, 1.0, 0.3041312344768962, 0.3211223757781741, 0.3101836351282883, 0.48951372504234314]",0
"[0.7605584635608692, 0.3860510905952776, 0.3803534836949513, 0.3421086370665626, 0.7597337115563197, 1.0, 0.3211223757781741, 0.3101836351282883, 0.3281778903784164, 0.501801073551178]",0
"[0.7410567485833401, 0.4330619184611359, 0.4293984561130959, 0.3417026526300022, 0.7590436740373461, 1.0, 0.3101836351282883, 0.3281778903784164, 0.3244477985567892, 0.5109425187110901]",0
"[0.7204016050245132, 0.5199978305101303, 0.4853029628317866, 0.3570037052296236, 0.7583175254000459, 1.0, 0.3281778903784164, 0.3244477985567892, 0.3168927164383402, 0.5274609327316284]",0
"[0.6999203622274197, 0.518687524915624, 0.4550849839169149, 0.3226221353330238, 0.7576019945362565, 1.0, 0.3244477985567892, 0.3168927164383402, 0.3456880352521089, 0.5195708870887756]",0
"[0.6782421083541244, 0.5880788425995347, 0.4588571751155593, 0.3336056439283517, 0.7568492546448968, 1.0, 0.3168927164383402, 0.3456880352521089, 0.3311239570156358, 0.5275030136108398]",0
"[0.6560355345573108, 0.6230934661080839, 0.4395213546411421, 0.360232157389031, 0.7560828109827028, 1.0, 0.3456880352521089, 0.3311239570156358, 0.3482003383651588, 0.5332585573196411]",0
"[0.6340369525417867, 0.6395070782470962, 0.4636154657665887, 0.388047097870679, 0.7553279227749974, 1.0, 0.3311239570156358, 0.3482003383651588, 0.3645302430734246, 0.5407283306121826]",0
"[0.6107742945217218, 0.6549491237528886, 0.4734549933515722, 0.4010325623414657, 0.7545341393977719, 1.0, 0.3482003383651588, 0.3645302430734246, 0.3935141590851573, 0.5495379567146301]",0
"[0.5877431165795831, 0.6599648122534484, 0.4948956688467937, 0.4180922171205844, 0.7537525532744723, 1.0, 0.3645302430734246, 0.3935141590851573, 0.4043251871425533, 0.5582358241081238]",0
