,Date,Price,Proteus2,Food Price Index,Cereals Price Index,Wheat Futures,Harvest,Sentiment
0,2016-12-01,0.3512072750078395,0.2525064,0.6474728087012156,0.5400471142520612,405.90625,2679728.0,1.0
1,2016-12-01,0.3512072750078395,0.2525064,0.6474728087012156,0.5400471142520612,405.90625,23367493.0,1.0
2,2016-12-01,0.3512072750078395,0.2525064,0.6474728087012156,0.5400471142520612,405.90625,2157181.0,1.0
3,2016-11-01,0.3687676387582314,0.2525064,0.6519513755598209,0.53886925795053,408.40625,2679728.0,1.0
4,2016-11-01,0.3687676387582314,0.2525064,0.6519513755598209,0.53886925795053,408.40625,23367493.0,1.0
5,2016-11-01,0.3687676387582314,0.2525064,0.6519513755598209,0.53886925795053,408.40625,2157181.0,1.0
6,2016-10-01,0.3846555869133479,0.2525064,0.6532309660908509,0.5435806831566549,414.175,2679728.0,1.0
7,2016-10-01,0.3846555869133479,0.2525064,0.6532309660908509,0.5435806831566549,414.175,23367493.0,1.0
8,2016-10-01,0.3846555869133479,0.2525064,0.6532309660908509,0.5435806831566549,414.175,2157181.0,1.0
9,2016-09-01,0.4207170481864744,0.2525064,0.6538707613563659,0.5406360424028268,407.78125,2679728.0,1.0
10,2016-09-01,0.4207170481864744,0.2525064,0.6538707613563659,0.5406360424028268,407.78125,23367493.0,1.0
11,2016-09-01,0.4207170481864744,0.2525064,0.6538707613563659,0.5406360424028268,407.78125,2157181.0,1.0
12,2016-08-01,0.4494616912302707,0.2525064,0.6487523992322457,0.5594817432273262,402.4375,2679728.0,1.0
13,2016-08-01,0.4494616912302707,0.2525064,0.6487523992322457,0.5594817432273262,402.4375,23367493.0,1.0
14,2016-08-01,0.4494616912302707,0.2525064,0.6487523992322457,0.5594817432273262,402.4375,2157181.0,1.0
15,2016-07-01,0.4390090937597993,0.2525064,0.6327575175943698,0.5665488810365136,408.675,2679728.0,1.0
16,2016-07-01,0.4390090937597993,0.2525064,0.6327575175943698,0.5665488810365136,408.675,23367493.0,1.0
17,2016-07-01,0.4390090937597993,0.2525064,0.6327575175943698,0.5665488810365136,408.675,2157181.0,1.0
18,2016-06-01,0.4390090937597993,0.2525064,0.6385156749840051,0.5901060070671378,448.71875,2679728.0,1.0
19,2016-06-01,0.4390090937597993,0.2525064,0.6385156749840051,0.5901060070671378,448.71875,23367493.0,1.0
20,2016-06-01,0.4390090937597993,0.2525064,0.6385156749840051,0.5901060070671378,448.71875,2157181.0,1.0
21,2016-05-01,0.422284937807045,0.2525064,0.6167626359564939,0.5706713780918727,450.975,2679728.0,1.0
22,2016-05-01,0.422284937807045,0.2525064,0.6167626359564939,0.5706713780918727,450.975,23367493.0,1.0
23,2016-05-01,0.422284937807045,0.2525064,0.6167626359564939,0.5706713780918727,450.975,2157181.0,1.0
24,2016-04-01,0.4154907494512386,0.2525064,0.6071657069737684,0.5541813898704357,464.4375,2679728.0,1.0
25,2016-04-01,0.4154907494512386,0.2525064,0.6071657069737684,0.5541813898704357,464.4375,23367493.0,1.0
26,2016-04-01,0.4154907494512386,0.2525064,0.6071657069737684,0.5541813898704357,464.4375,2157181.0,1.0
27,2016-03-01,0.4022159506637399,0.2525064,0.5950095969289827,0.541813898704358,472.3125,2679728.0,1.0
28,2016-03-01,0.4022159506637399,0.2525064,0.5950095969289827,0.541813898704358,472.3125,23367493.0,1.0
29,2016-03-01,0.4022159506637399,0.2525064,0.5950095969289827,0.541813898704358,472.3125,2157181.0,1.0
30,2016-02-01,0.4055607818542908,0.2525064,0.5860524632117722,0.5471142520612485,449.34375,2679728.0,1.0
31,2016-02-01,0.4055607818542908,0.2525064,0.5860524632117722,0.5471142520612485,449.34375,23367493.0,1.0
32,2016-02-01,0.4055607818542908,0.2525064,0.5860524632117722,0.5471142520612485,449.34375,2157181.0,1.0
33,2016-01-01,0.4066060416013379,0.2525064,0.5777351247600767,0.5488810365135454,467.825,2679728.0,1.0
34,2016-01-01,0.4066060416013379,0.2525064,0.5777351247600767,0.5488810365135454,467.825,23367493.0,1.0
35,2016-01-01,0.4066060416013379,0.2525064,0.5777351247600767,0.5488810365135454,467.825,2157181.0,1.0
36,2015-12-01,0.4034702623601965,0.2502181,0.5694177863083812,0.5382803297997645,474.25,3299071.0,-1.0
37,2015-12-01,0.4034702623601965,0.2502181,0.5694177863083812,0.5382803297997645,474.25,28768218.0,-1.0
38,2015-12-01,0.4034702623601965,0.2502181,0.5694177863083812,0.5382803297997645,474.25,2655752.0,-1.0
39,2015-11-01,0.4390090937597993,0.2502181,0.5738963531669865,0.5447585394581861,467.85,3299071.0,-1.0
40,2015-11-01,0.4390090937597993,0.2502181,0.5738963531669865,0.5447585394581861,467.85,28768218.0,-1.0
41,2015-11-01,0.4390090937597993,0.2502181,0.5738963531669865,0.5447585394581861,467.85,2655752.0,-1.0
42,2015-10-01,0.4672311069300721,0.2502181,0.5911708253358925,0.5518256772673734,493.0625,3299071.0,-1.0
43,2015-10-01,0.4672311069300721,0.2502181,0.5911708253358925,0.5518256772673734,493.0625,28768218.0,-1.0
44,2015-10-01,0.4672311069300721,0.2502181,0.5911708253358925,0.5518256772673734,493.0625,2655752.0,-1.0
45,2015-09-01,0.4666039510818436,0.2502181,0.582213691618682,0.5447585394581861,481.0,3299071.0,-1.0
46,2015-09-01,0.4666039510818436,0.2502181,0.582213691618682,0.5447585394581861,481.0,28768218.0,-1.0
47,2015-09-01,0.4666039510818436,0.2502181,0.582213691618682,0.5447585394581861,481.0,2655752.0,-1.0
48,2015-08-01,0.4740252952858785,0.2502181,0.5860524632117722,0.5530035335689046,476.125,3299071.0,-1.0
49,2015-08-01,0.4740252952858785,0.2502181,0.5860524632117722,0.5530035335689046,476.125,28768218.0,-1.0
50,2015-08-01,0.4740252952858785,0.2502181,0.5860524632117722,0.5530035335689046,476.125,2655752.0,-1.0
51,2015-07-01,0.4776837044005435,0.2502181,0.6135636596289188,0.5954063604240282,536.34375,3299071.0,-1.0
52,2015-07-01,0.4776837044005435,0.2502181,0.6135636596289188,0.5954063604240282,536.34375,28768218.0,-1.0
53,2015-07-01,0.4776837044005435,0.2502181,0.6135636596289188,0.5954063604240282,536.34375,2655752.0,-1.0
54,2015-06-01,0.4724574056653078,0.2502181,0.618682021753039,0.5818610129564192,539.09375,3299071.0,-1.0
55,2015-06-01,0.4724574056653078,0.2502181,0.618682021753039,0.5818610129564192,539.09375,28768218.0,-1.0
56,2015-06-01,0.4724574056653078,0.2502181,0.618682021753039,0.5818610129564192,539.09375,2655752.0,-1.0
57,2015-05-01,0.4755931849064492,0.2502181,0.6212412028150991,0.5759717314487632,524.4,3299071.0,-1.0
58,2015-05-01,0.4755931849064492,0.2502181,0.6212412028150991,0.5759717314487632,524.4,28768218.0,-1.0
59,2015-05-01,0.4755931849064492,0.2502181,0.6212412028150991,0.5759717314487632,524.4,2655752.0,-1.0
60,2015-04-01,0.46984425629769,0.2502181,0.619321817018554,0.591283863368669,525.25,3299071.0,-1.0
61,2015-04-01,0.46984425629769,0.2502181,0.619321817018554,0.591283863368669,525.25,28768218.0,-1.0
62,2015-04-01,0.46984425629769,0.2502181,0.619321817018554,0.591283863368669,525.25,2655752.0,-1.0
63,2015-03-01,0.4766384446534964,0.2502181,0.6250799744081893,0.5989399293286218,549.575,3299071.0,-1.0
64,2015-03-01,0.4766384446534964,0.2502181,0.6250799744081893,0.5989399293286218,549.575,28768218.0,-1.0
65,2015-03-01,0.4766384446534964,0.2502181,0.6250799744081893,0.5989399293286218,549.575,2655752.0,-1.0
66,2015-02-01,0.5043378279502456,0.2502181,0.6436340371081253,0.6118963486454653,549.875,3299071.0,-1.0
67,2015-02-01,0.5043378279502456,0.2502181,0.6436340371081253,0.6118963486454653,549.875,28768218.0,-1.0
68,2015-02-01,0.5043378279502456,0.2502181,0.6436340371081253,0.6118963486454653,549.875,2655752.0,-1.0
69,2015-01-01,0.5315145813734713,0.2502181,0.6589891234804862,0.6372202591283863,582.09375,3299071.0,-1.0
70,2015-01-01,0.5315145813734713,0.2502181,0.6589891234804862,0.6372202591283863,582.09375,28768218.0,-1.0
71,2015-01-01,0.5315145813734713,0.2502181,0.6589891234804862,0.6372202591283863,582.09375,2655752.0,-1.0
72,2014-12-01,0.5247203930176649,0.25512,0.6218809980806141,0.6036513545347467,646.125,2176081.0,1.0
73,2014-12-01,0.5247203930176649,0.25512,0.6218809980806141,0.6036513545347467,646.125,14614053.0,1.0
74,2014-12-01,0.5247203930176649,0.25512,0.6218809980806141,0.6036513545347467,646.125,18975640.0,1.0
75,2014-12-01,0.5247203930176649,0.25512,0.6218809980806141,0.6036513545347467,646.125,1809728.0,1.0
76,2014-12-01,0.5247203930176649,0.25512,0.6218809980806141,0.6036513545347467,646.125,1751745.0,1.0
77,2014-11-01,0.5278561722588063,0.25512,0.6397952655150352,0.5948174322732627,605.7,2176081.0,1.0
78,2014-11-01,0.5278561722588063,0.25512,0.6397952655150352,0.5948174322732627,605.7,14614053.0,1.0
79,2014-11-01,0.5278561722588063,0.25512,0.6397952655150352,0.5948174322732627,605.7,18975640.0,1.0
80,2014-11-01,0.5278561722588063,0.25512,0.6397952655150352,0.5948174322732627,605.7,1809728.0,1.0
81,2014-11-01,0.5278561722588063,0.25512,0.6397952655150352,0.5948174322732627,605.7,1751745.0,1.0
82,2014-10-01,0.5053830876972928,0.25512,0.6468330134357005,0.5889281507656066,595.0625,2176081.0,1.0
83,2014-10-01,0.5053830876972928,0.25512,0.6468330134357005,0.5889281507656066,595.0625,14614053.0,1.0
84,2014-10-01,0.5053830876972928,0.25512,0.6468330134357005,0.5889281507656066,595.0625,18975640.0,1.0
85,2014-10-01,0.5053830876972928,0.25512,0.6468330134357005,0.5889281507656066,595.0625,1809728.0,1.0
86,2014-10-01,0.5053830876972928,0.25512,0.6468330134357005,0.5889281507656066,595.0625,1751745.0,1.0
87,2014-09-01,0.5176126267377443,0.25512,0.6468330134357005,0.5848056537102473,574.4375,2176081.0,1.0
88,2014-09-01,0.5176126267377443,0.25512,0.6468330134357005,0.5848056537102473,574.4375,14614053.0,1.0
89,2014-09-01,0.5176126267377443,0.25512,0.6468330134357005,0.5848056537102473,574.4375,18975640.0,1.0
90,2014-09-01,0.5176126267377443,0.25512,0.6468330134357005,0.5848056537102473,574.4375,1809728.0,1.0
91,2014-09-01,0.5176126267377443,0.25512,0.6468330134357005,0.5848056537102473,574.4375,1751745.0,1.0
92,2014-08-01,0.5649628932789799,0.25512,0.6685860524632117,0.6007067137809187,625.95,2176081.0,1.0
93,2014-08-01,0.5649628932789799,0.25512,0.6685860524632117,0.6007067137809187,625.95,14614053.0,1.0
94,2014-08-01,0.5649628932789799,0.25512,0.6685860524632117,0.6007067137809187,625.95,18975640.0,1.0
95,2014-08-01,0.5649628932789799,0.25512,0.6685860524632117,0.6007067137809187,625.95,1809728.0,1.0
96,2014-08-01,0.5649628932789799,0.25512,0.6685860524632117,0.6007067137809187,625.95,1751745.0,1.0
97,2014-07-01,0.5999790948050591,0.25512,0.6884197056941778,0.610718492343934,640.53125,2176081.0,1.0
98,2014-07-01,0.5999790948050591,0.25512,0.6884197056941778,0.610718492343934,640.53125,14614053.0,1.0
99,2014-07-01,0.5999790948050591,0.25512,0.6884197056941778,0.610718492343934,640.53125,18975640.0,1.0
100,2014-07-01,0.5999790948050591,0.25512,0.6884197056941778,0.610718492343934,640.53125,1809728.0,1.0
101,2014-07-01,0.5999790948050591,0.25512,0.6884197056941778,0.610718492343934,640.53125,1751745.0,1.0
102,2014-06-01,0.7630396153444131,0.25512,0.7056941778630837,0.646643109540636,717.675,2176081.0,1.0
103,2014-06-01,0.7630396153444131,0.25512,0.7056941778630837,0.646643109540636,717.675,14614053.0,1.0
104,2014-06-01,0.7630396153444131,0.25512,0.7056941778630837,0.646643109540636,717.675,18975640.0,1.0
105,2014-06-01,0.7630396153444131,0.25512,0.7056941778630837,0.646643109540636,717.675,1809728.0,1.0
106,2014-06-01,0.7630396153444131,0.25512,0.7056941778630837,0.646643109540636,717.675,1751745.0,1.0
107,2014-05-01,0.7787185115501202,0.25512,0.7172104926423544,0.6819787985865724,783.71875,2176081.0,1.0
108,2014-05-01,0.7787185115501202,0.25512,0.7172104926423544,0.6819787985865724,783.71875,14614053.0,1.0
109,2014-05-01,0.7787185115501202,0.25512,0.7172104926423544,0.6819787985865724,783.71875,18975640.0,1.0
110,2014-05-01,0.7787185115501202,0.25512,0.7172104926423544,0.6819787985865724,783.71875,1809728.0,1.0
111,2014-05-01,0.7787185115501202,0.25512,0.7172104926423544,0.6819787985865724,783.71875,1751745.0,1.0
112,2014-04-01,0.7546775373680359,0.25512,0.7184900831733845,0.6831566548881036,759.65625,2176081.0,1.0
113,2014-04-01,0.7546775373680359,0.25512,0.7184900831733845,0.6831566548881036,759.65625,14614053.0,1.0
114,2014-04-01,0.7546775373680359,0.25512,0.7184900831733845,0.6831566548881036,759.65625,18975640.0,1.0
115,2014-04-01,0.7546775373680359,0.25512,0.7184900831733845,0.6831566548881036,759.65625,1809728.0,1.0
116,2014-04-01,0.7546775373680359,0.25512,0.7184900831733845,0.6831566548881036,759.65625,1751745.0,1.0
117,2014-03-01,0.7107766279920561,0.25512,0.7223288547664747,0.682567726737338,744.525,2176081.0,1.0
118,2014-03-01,0.7107766279920561,0.25512,0.7223288547664747,0.682567726737338,744.525,14614053.0,1.0
119,2014-03-01,0.7107766279920561,0.25512,0.7223288547664747,0.682567726737338,744.525,18975640.0,1.0
120,2014-03-01,0.7107766279920561,0.25512,0.7223288547664747,0.682567726737338,744.525,1809728.0,1.0
121,2014-03-01,0.7107766279920561,0.25512,0.7223288547664747,0.682567726737338,744.525,1751745.0,1.0
122,2014-02-01,0.6862130239364482,0.25512,0.7005758157389634,0.6513545347467609,664.21875,2176081.0,1.0
123,2014-02-01,0.6862130239364482,0.25512,0.7005758157389634,0.6513545347467609,664.21875,14614053.0,1.0
124,2014-02-01,0.6862130239364482,0.25512,0.7005758157389634,0.6513545347467609,664.21875,18975640.0,1.0
125,2014-02-01,0.6862130239364482,0.25512,0.7005758157389634,0.6513545347467609,664.21875,1809728.0,1.0
126,2014-02-01,0.6862130239364482,0.25512,0.7005758157389634,0.6513545347467609,664.21875,1751745.0,1.0
127,2014-01-01,0.6898714330511132,0.25512,0.6871401151631478,0.6372202591283863,628.96875,2176081.0,1.0
128,2014-01-01,0.6898714330511132,0.25512,0.6871401151631478,0.6372202591283863,628.96875,14614053.0,1.0
129,2014-01-01,0.6898714330511132,0.25512,0.6871401151631478,0.6372202591283863,628.96875,18975640.0,1.0
130,2014-01-01,0.6898714330511132,0.25512,0.6871401151631478,0.6372202591283863,628.96875,1809728.0,1.0
131,2014-01-01,0.6898714330511132,0.25512,0.6871401151631478,0.6372202591283863,628.96875,1751745.0,1.0
132,2013-12-01,0.7107766279920561,0.2478316,0.6896992962252079,0.6325088339222614,667.55,1926478.0,1.0
133,2013-12-01,0.7107766279920561,0.2478316,0.6896992962252079,0.6325088339222614,667.55,15943442.0,1.0
134,2013-12-01,0.7107766279920561,0.2478316,0.6896992962252079,0.6325088339222614,667.55,16799077.0,1.0
135,2013-12-01,0.7107766279920561,0.2478316,0.6896992962252079,0.6325088339222614,667.55,2920390.0,1.0
136,2013-12-01,0.7107766279920561,0.2478316,0.6896992962252079,0.6325088339222614,667.55,1550815.0,1.0
137,2013-11-01,0.7369081216682345,0.2478316,0.6922584772872681,0.633097762073027,708.28125,1926478.0,1.0
138,2013-11-01,0.7369081216682345,0.2478316,0.6922584772872681,0.633097762073027,708.28125,15943442.0,1.0
139,2013-11-01,0.7369081216682345,0.2478316,0.6922584772872681,0.633097762073027,708.28125,16799077.0,1.0
140,2013-11-01,0.7369081216682345,0.2478316,0.6922584772872681,0.633097762073027,708.28125,2920390.0,1.0
141,2013-11-01,0.7369081216682345,0.2478316,0.6922584772872681,0.633097762073027,708.28125,1550815.0,1.0
142,2013-10-01,0.7191387059684331,0.2478316,0.692898272552783,0.6372202591283863,756.09375,1926478.0,1.0
143,2013-10-01,0.7191387059684331,0.2478316,0.692898272552783,0.6372202591283863,756.09375,15943442.0,1.0
144,2013-10-01,0.7191387059684331,0.2478316,0.692898272552783,0.6372202591283863,756.09375,16799077.0,1.0
145,2013-10-01,0.7191387059684331,0.2478316,0.692898272552783,0.6372202591283863,756.09375,2920390.0,1.0
146,2013-10-01,0.7191387059684331,0.2478316,0.692898272552783,0.6372202591283863,756.09375,1550815.0,1.0
147,2013-09-01,0.6266332183547612,0.2478316,0.6788227767114523,0.6266195524146054,711.0,1926478.0,1.0
148,2013-09-01,0.6266332183547612,0.2478316,0.6788227767114523,0.6266195524146054,711.0,15943442.0,1.0
149,2013-09-01,0.6266332183547612,0.2478316,0.6788227767114523,0.6266195524146054,711.0,16799077.0,1.0
150,2013-09-01,0.6266332183547612,0.2478316,0.6788227767114523,0.6266195524146054,711.0,2920390.0,1.0
151,2013-09-01,0.6266332183547612,0.2478316,0.6788227767114523,0.6266195524146054,711.0,1550815.0,1.0
152,2013-08-01,0.5869133479669698,0.2478316,0.6775431861804222,0.6401648998822144,703.0625,1926478.0,1.0
153,2013-08-01,0.5869133479669698,0.2478316,0.6775431861804222,0.6401648998822144,703.0625,15943442.0,1.0
154,2013-08-01,0.5869133479669698,0.2478316,0.6775431861804222,0.6401648998822144,703.0625,16799077.0,1.0
155,2013-08-01,0.5869133479669698,0.2478316,0.6775431861804222,0.6401648998822144,703.0625,2920390.0,1.0
156,2013-08-01,0.5869133479669698,0.2478316,0.6775431861804222,0.6401648998822144,703.0625,1550815.0,1.0
157,2013-07-01,0.6313368872164733,0.2478316,0.6877799104286628,0.6790341578327443,703.6875,1926478.0,1.0
158,2013-07-01,0.6313368872164733,0.2478316,0.6877799104286628,0.6790341578327443,703.6875,15943442.0,1.0
159,2013-07-01,0.6313368872164733,0.2478316,0.6877799104286628,0.6790341578327443,703.6875,16799077.0,1.0
160,2013-07-01,0.6313368872164733,0.2478316,0.6877799104286628,0.6790341578327443,703.6875,2920390.0,1.0
161,2013-07-01,0.6313368872164733,0.2478316,0.6877799104286628,0.6790341578327443,703.6875,1550815.0,1.0
162,2013-06-01,0.6480610431692275,0.2478316,0.7050543825975687,0.7179034157832744,715.2,1926478.0,1.0
163,2013-06-01,0.6480610431692275,0.2478316,0.7050543825975687,0.7179034157832744,715.2,15943442.0,1.0
164,2013-06-01,0.6480610431692275,0.2478316,0.7050543825975687,0.7179034157832744,715.2,16799077.0,1.0
165,2013-06-01,0.6480610431692275,0.2478316,0.7050543825975687,0.7179034157832744,715.2,2920390.0,1.0
166,2013-06-01,0.6480610431692275,0.2478316,0.7050543825975687,0.7179034157832744,715.2,1550815.0,1.0
167,2013-05-01,0.658513640639699,0.2478316,0.7120921305182341,0.732037691401649,754.46875,1926478.0,1.0
168,2013-05-01,0.658513640639699,0.2478316,0.7120921305182341,0.732037691401649,754.46875,15943442.0,1.0
169,2013-05-01,0.658513640639699,0.2478316,0.7120921305182341,0.732037691401649,754.46875,16799077.0,1.0
170,2013-05-01,0.658513640639699,0.2478316,0.7120921305182341,0.732037691401649,754.46875,2920390.0,1.0
171,2013-05-01,0.658513640639699,0.2478316,0.7120921305182341,0.732037691401649,754.46875,1550815.0,1.0
172,2013-04-01,0.6773283160865475,0.2478316,0.7165706973768393,0.7237926972909305,753.3125,1926478.0,1.0
173,2013-04-01,0.6773283160865475,0.2478316,0.7165706973768393,0.7237926972909305,753.3125,15943442.0,1.0
174,2013-04-01,0.6773283160865475,0.2478316,0.7165706973768393,0.7237926972909305,753.3125,16799077.0,1.0
175,2013-04-01,0.6773283160865475,0.2478316,0.7165706973768393,0.7237926972909305,753.3125,2920390.0,1.0
176,2013-04-01,0.6773283160865475,0.2478316,0.7165706973768393,0.7237926972909305,753.3125,1550815.0,1.0
177,2013-03-01,0.7238423748301454,0.2478316,0.7165706973768393,0.7514723203769139,750.5,1926478.0,1.0
178,2013-03-01,0.7238423748301454,0.2478316,0.7165706973768393,0.7514723203769139,750.5,15943442.0,1.0
179,2013-03-01,0.7238423748301454,0.2478316,0.7165706973768393,0.7514723203769139,750.5,16799077.0,1.0
180,2013-03-01,0.7238423748301454,0.2478316,0.7165706973768393,0.7514723203769139,750.5,2920390.0,1.0
181,2013-03-01,0.7238423748301454,0.2478316,0.7165706973768393,0.7514723203769139,750.5,1550815.0,1.0
182,2013-02-01,0.7478833490122295,0.2478316,0.7191298784388995,0.7638398115429916,777.03125,1926478.0,1.0
183,2013-02-01,0.7478833490122295,0.2478316,0.7191298784388995,0.7638398115429916,777.03125,15943442.0,1.0
184,2013-02-01,0.7478833490122295,0.2478316,0.7191298784388995,0.7638398115429916,777.03125,16799077.0,1.0
185,2013-02-01,0.7478833490122295,0.2478316,0.7191298784388995,0.7638398115429916,777.03125,2920390.0,1.0
186,2013-02-01,0.7478833490122295,0.2478316,0.7191298784388995,0.7638398115429916,777.03125,1550815.0,1.0
187,2013-01-01,0.7576042646597679,0.2478316,0.7197696737044146,0.7797408716136631,825.375,1926478.0,1.0
188,2013-01-01,0.7576042646597679,0.2478316,0.7197696737044146,0.7797408716136631,825.375,15943442.0,1.0
189,2013-01-01,0.7576042646597679,0.2478316,0.7197696737044146,0.7797408716136631,825.375,16799077.0,1.0
190,2013-01-01,0.7576042646597679,0.2478316,0.7197696737044146,0.7797408716136631,825.375,2920390.0,1.0
191,2013-01-01,0.7576042646597679,0.2478316,0.7197696737044146,0.7797408716136631,825.375,1550815.0,1.0
192,2012-12-01,0.7525870178739417,0.255023,0.7133717210492642,0.7826855123674912,854.925,3477498.0,1.0
193,2012-12-01,0.7525870178739417,0.255023,0.7133717210492642,0.7826855123674912,854.925,14251781.0,1.0
194,2012-12-01,0.7525870178739417,0.255023,0.7133717210492642,0.7826855123674912,854.925,30324124.0,1.0
195,2012-12-01,0.7525870178739417,0.255023,0.7133717210492642,0.7826855123674912,854.925,3141280.0,1.0
196,2012-12-01,0.7525870178739417,0.255023,0.7133717210492642,0.7826855123674912,854.925,2799386.0,1.0
197,2012-11-01,0.7212292254625274,0.255023,0.7178502879078694,0.7938751472320377,899.78125,3477498.0,1.0
198,2012-11-01,0.7212292254625274,0.255023,0.7178502879078694,0.7938751472320377,899.78125,14251781.0,1.0
199,2012-11-01,0.7212292254625274,0.255023,0.7178502879078694,0.7938751472320377,899.78125,30324124.0,1.0
200,2012-11-01,0.7212292254625274,0.255023,0.7178502879078694,0.7938751472320377,899.78125,3141280.0,1.0
201,2012-11-01,0.7212292254625274,0.255023,0.7178502879078694,0.7938751472320377,899.78125,2799386.0,1.0
202,2012-10-01,0.6940524720393018,0.255023,0.7204094689699295,0.7826855123674912,906.125,3477498.0,1.0
203,2012-10-01,0.6940524720393018,0.255023,0.7204094689699295,0.7826855123674912,906.125,14251781.0,1.0
204,2012-10-01,0.6940524720393018,0.255023,0.7204094689699295,0.7826855123674912,906.125,30324124.0,1.0
205,2012-10-01,0.6940524720393018,0.255023,0.7204094689699295,0.7826855123674912,906.125,3141280.0,1.0
206,2012-10-01,0.6940524720393018,0.255023,0.7204094689699295,0.7826855123674912,906.125,2799386.0,1.0
207,2012-09-01,0.7029371798892025,0.255023,0.727447216890595,0.7844522968197879,902.25,3477498.0,1.0
208,2012-09-01,0.7029371798892025,0.255023,0.727447216890595,0.7844522968197879,902.25,14251781.0,1.0
209,2012-09-01,0.7029371798892025,0.255023,0.727447216890595,0.7844522968197879,902.25,30324124.0,1.0
210,2012-09-01,0.7029371798892025,0.255023,0.727447216890595,0.7844522968197879,902.25,3141280.0,1.0
211,2012-09-01,0.7029371798892025,0.255023,0.727447216890595,0.7844522968197879,902.25,2799386.0,1.0
212,2012-08-01,0.7003240305215847,0.255023,0.7165706973768393,0.7862190812720847,887.78125,3477498.0,1.0
213,2012-08-01,0.7003240305215847,0.255023,0.7165706973768393,0.7862190812720847,887.78125,14251781.0,1.0
214,2012-08-01,0.7003240305215847,0.255023,0.7165706973768393,0.7862190812720847,887.78125,30324124.0,1.0
215,2012-08-01,0.7003240305215847,0.255023,0.7165706973768393,0.7862190812720847,887.78125,3141280.0,1.0
216,2012-08-01,0.7003240305215847,0.255023,0.7165706973768393,0.7862190812720847,887.78125,2799386.0,1.0
217,2012-07-01,0.6564231211456046,0.255023,0.709532949456174,0.7691401648998821,859.65,3477498.0,1.0
218,2012-07-01,0.6564231211456046,0.255023,0.709532949456174,0.7691401648998821,859.65,14251781.0,1.0
219,2012-07-01,0.6564231211456046,0.255023,0.709532949456174,0.7691401648998821,859.65,30324124.0,1.0
220,2012-07-01,0.6564231211456046,0.255023,0.709532949456174,0.7691401648998821,859.65,3141280.0,1.0
221,2012-07-01,0.6564231211456046,0.255023,0.709532949456174,0.7691401648998821,859.65,2799386.0,1.0
222,2012-06-01,0.5503292568203199,0.255023,0.6730646193218169,0.6702002355712603,673.65625,3477498.0,1.0
223,2012-06-01,0.5503292568203199,0.255023,0.6730646193218169,0.6702002355712603,673.65625,14251781.0,1.0
224,2012-06-01,0.5503292568203199,0.255023,0.6730646193218169,0.6702002355712603,673.65625,30324124.0,1.0
225,2012-06-01,0.5503292568203199,0.255023,0.6730646193218169,0.6702002355712603,673.65625,3141280.0,1.0
226,2012-06-01,0.5503292568203199,0.255023,0.6730646193218169,0.6702002355712603,673.65625,2799386.0,1.0
227,2012-05-01,0.5255566008153026,0.255023,0.690978886756238,0.6749116607773851,662.0,3477498.0,1.0
228,2012-05-01,0.5255566008153026,0.255023,0.690978886756238,0.6749116607773851,662.0,14251781.0,1.0
229,2012-05-01,0.5255566008153026,0.255023,0.690978886756238,0.6749116607773851,662.0,30324124.0,1.0
230,2012-05-01,0.5255566008153026,0.255023,0.690978886756238,0.6749116607773851,662.0,3141280.0,1.0
231,2012-05-01,0.5255566008153026,0.255023,0.690978886756238,0.6749116607773851,662.0,2799386.0,1.0
232,2012-04-01,0.5268109125117592,0.255023,0.7223288547664747,0.690223792697291,648.15,3477498.0,1.0
233,2012-04-01,0.5268109125117592,0.255023,0.7223288547664747,0.690223792697291,648.15,14251781.0,1.0
234,2012-04-01,0.5268109125117592,0.255023,0.7223288547664747,0.690223792697291,648.15,30324124.0,1.0
235,2012-04-01,0.5268109125117592,0.255023,0.7223288547664747,0.690223792697291,648.15,3141280.0,1.0
236,2012-04-01,0.5268109125117592,0.255023,0.7223288547664747,0.690223792697291,648.15,2799386.0,1.0
237,2012-03-01,0.5445803282115605,0.255023,0.7300063979526551,0.6978798586572438,688.84375,3477498.0,1.0
238,2012-03-01,0.5445803282115605,0.255023,0.7300063979526551,0.6978798586572438,688.84375,14251781.0,1.0
239,2012-03-01,0.5445803282115605,0.255023,0.7300063979526551,0.6978798586572438,688.84375,30324124.0,1.0
240,2012-03-01,0.5445803282115605,0.255023,0.7300063979526551,0.6978798586572438,688.84375,3141280.0,1.0
241,2012-03-01,0.5445803282115605,0.255023,0.7300063979526551,0.6978798586572438,688.84375,2799386.0,1.0
242,2012-02-01,0.5498066269467963,0.255023,0.7280870121561099,0.7008244994110718,687.28125,3477498.0,1.0
243,2012-02-01,0.5498066269467963,0.255023,0.7280870121561099,0.7008244994110718,687.28125,14251781.0,1.0
244,2012-02-01,0.5498066269467963,0.255023,0.7280870121561099,0.7008244994110718,687.28125,30324124.0,1.0
245,2012-02-01,0.5498066269467963,0.255023,0.7280870121561099,0.7008244994110718,687.28125,3141280.0,1.0
246,2012-02-01,0.5498066269467963,0.255023,0.7280870121561099,0.7008244994110718,687.28125,2799386.0,1.0
247,2012-01-01,0.5205393540294764,0.255023,0.7108125399872041,0.6802120141342756,691.225,3477498.0,1.0
248,2012-01-01,0.5205393540294764,0.255023,0.7108125399872041,0.6802120141342756,691.225,14251781.0,1.0
249,2012-01-01,0.5205393540294764,0.255023,0.7108125399872041,0.6802120141342756,691.225,30324124.0,1.0
250,2012-01-01,0.5205393540294764,0.255023,0.7108125399872041,0.6802120141342756,691.225,3141280.0,1.0
251,2012-01-01,0.5205393540294764,0.255023,0.7108125399872041,0.6802120141342756,691.225,2799386.0,1.0
252,2011-12-01,0.4672311069300721,0.2573873,0.7037747920665387,0.6601884570082449,665.125,3805379.0,
253,2011-12-01,0.4672311069300721,0.2573873,0.7037747920665387,0.6601884570082449,665.125,14686087.0,
254,2011-12-01,0.4672311069300721,0.2573873,0.7037747920665387,0.6601884570082449,665.125,33183280.0,
255,2011-12-01,0.4672311069300721,0.2573873,0.7037747920665387,0.6601884570082449,665.125,3573136.0,
256,2011-12-01,0.4672311069300721,0.2573873,0.7037747920665387,0.6601884570082449,665.125,3063330.0,
257,2011-11-01,0.4996341590885335,0.2573873,0.7268074216250798,0.6943462897526501,679.0,3805379.0,
258,2011-11-01,0.4996341590885335,0.2573873,0.7268074216250798,0.6943462897526501,679.0,14686087.0,
259,2011-11-01,0.4996341590885335,0.2573873,0.7268074216250798,0.6943462897526501,679.0,33183280.0,
260,2011-11-01,0.4996341590885335,0.2573873,0.7268074216250798,0.6943462897526501,679.0,3573136.0,
261,2011-11-01,0.4996341590885335,0.2573873,0.7268074216250798,0.6943462897526501,679.0,3063330.0,
262,2011-10-01,0.5435350684645135,0.2573873,0.7248880358285348,0.7067137809187278,716.175,3805379.0,
263,2011-10-01,0.5435350684645135,0.2573873,0.7248880358285348,0.7067137809187278,716.175,14686087.0,
264,2011-10-01,0.5435350684645135,0.2573873,0.7248880358285348,0.7067137809187278,716.175,33183280.0,
265,2011-10-01,0.5435350684645135,0.2573873,0.7248880358285348,0.7067137809187278,716.175,3573136.0,
266,2011-10-01,0.5435350684645135,0.2573873,0.7248880358285348,0.7067137809187278,716.175,3063330.0,
267,2011-09-01,0.6271558482282847,0.2573873,0.7517594369801663,0.7455830388692579,774.53125,3805379.0,
268,2011-09-01,0.6271558482282847,0.2573873,0.7517594369801663,0.7455830388692579,774.53125,14686087.0,
269,2011-09-01,0.6271558482282847,0.2573873,0.7517594369801663,0.7455830388692579,774.53125,33183280.0,
270,2011-09-01,0.6271558482282847,0.2573873,0.7517594369801663,0.7455830388692579,774.53125,3573136.0,
271,2011-09-01,0.6271558482282847,0.2573873,0.7517594369801663,0.7455830388692579,774.53125,3063330.0,
272,2011-08-01,0.6104316922755304,0.2573873,0.7664747280870121,0.7685512367491165,824.0,3805379.0,
273,2011-08-01,0.6104316922755304,0.2573873,0.7664747280870121,0.7685512367491165,824.0,14686087.0,
274,2011-08-01,0.6104316922755304,0.2573873,0.7664747280870121,0.7685512367491165,824.0,33183280.0,
275,2011-08-01,0.6104316922755304,0.2573873,0.7664747280870121,0.7685512367491165,824.0,3573136.0,
276,2011-08-01,0.6104316922755304,0.2573873,0.7664747280870121,0.7685512367491165,824.0,3063330.0,
277,2011-07-01,0.6480610431692275,0.2573873,0.7677543186180422,0.7455830388692579,755.275,3805379.0,
278,2011-07-01,0.6480610431692275,0.2573873,0.7677543186180422,0.7455830388692579,755.275,14686087.0,
279,2011-07-01,0.6480610431692275,0.2573873,0.7677543186180422,0.7455830388692579,755.275,33183280.0,
280,2011-07-01,0.6480610431692275,0.2573873,0.7677543186180422,0.7455830388692579,755.275,3573136.0,
281,2011-07-01,0.6480610431692275,0.2573873,0.7677543186180422,0.7455830388692579,755.275,3063330.0,
282,2011-06-01,0.7133897773596739,0.2573873,0.7779910428662827,0.7809187279151942,803.5625,3805379.0,
283,2011-06-01,0.7133897773596739,0.2573873,0.7779910428662827,0.7809187279151942,803.5625,14686087.0,
284,2011-06-01,0.7133897773596739,0.2573873,0.7779910428662827,0.7809187279151942,803.5625,33183280.0,
285,2011-06-01,0.7133897773596739,0.2573873,0.7779910428662827,0.7809187279151942,803.5625,3573136.0,
286,2011-06-01,0.7133897773596739,0.2573873,0.7779910428662827,0.7809187279151942,803.5625,3063330.0,
287,2011-05-01,0.7333542385282743,0.2573873,0.7792706333973128,0.8009422850412249,909.175,3805379.0,
288,2011-05-01,0.7333542385282743,0.2573873,0.7792706333973128,0.8009422850412249,909.175,14686087.0,
289,2011-05-01,0.7333542385282743,0.2573873,0.7792706333973128,0.8009422850412249,909.175,33183280.0,
290,2011-05-01,0.7333542385282743,0.2573873,0.7792706333973128,0.8009422850412249,909.175,3573136.0,
291,2011-05-01,0.7333542385282743,0.2573873,0.7792706333973128,0.8009422850412249,909.175,3063330.0,
292,2011-04-01,0.7358628619211873,0.2573873,0.7863083813179782,0.805064782096584,913.65625,3805379.0,
293,2011-04-01,0.7358628619211873,0.2573873,0.7863083813179782,0.805064782096584,913.65625,14686087.0,
294,2011-04-01,0.7358628619211873,0.2573873,0.7863083813179782,0.805064782096584,913.65625,33183280.0,
295,2011-04-01,0.7358628619211873,0.2573873,0.7863083813179782,0.805064782096584,913.65625,3573136.0,
296,2011-04-01,0.7358628619211873,0.2573873,0.7863083813179782,0.805064782096584,913.65625,3063330.0,
297,2011-03-01,0.7266645761471726,0.2573873,0.7741522712731925,0.7720848056537102,853.84375,3805379.0,
298,2011-03-01,0.7266645761471726,0.2573873,0.7741522712731925,0.7720848056537102,853.84375,14686087.0,
299,2011-03-01,0.7266645761471726,0.2573873,0.7741522712731925,0.7720848056537102,853.84375,33183280.0,
300,2011-03-01,0.7266645761471726,0.2573873,0.7741522712731925,0.7720848056537102,853.84375,3573136.0,
301,2011-03-01,0.7266645761471726,0.2573873,0.7741522712731925,0.7720848056537102,853.84375,3063330.0,
302,2011-02-01,0.726455524197763,0.2573873,0.7933461292386436,0.8038869257950529,927.28125,3805379.0,
303,2011-02-01,0.726455524197763,0.2573873,0.7933461292386436,0.8038869257950529,927.28125,14686087.0,
304,2011-02-01,0.726455524197763,0.2573873,0.7933461292386436,0.8038869257950529,927.28125,33183280.0,
305,2011-02-01,0.726455524197763,0.2573873,0.7933461292386436,0.8038869257950529,927.28125,3573136.0,
306,2011-02-01,0.726455524197763,0.2573873,0.7933461292386436,0.8038869257950529,927.28125,3063330.0,
307,2011-01-01,0.662172049754364,0.2573873,0.7709532949456174,0.7691401648998821,890.9,3805379.0,
308,2011-01-01,0.662172049754364,0.2573873,0.7709532949456174,0.7691401648998821,890.9,14686087.0,
309,2011-01-01,0.662172049754364,0.2573873,0.7709532949456174,0.7691401648998821,890.9,33183280.0,
310,2011-01-01,0.662172049754364,0.2573873,0.7709532949456174,0.7691401648998821,890.9,3573136.0,
311,2011-01-01,0.662172049754364,0.2573873,0.7709532949456174,0.7691401648998821,890.9,3063330.0,
312,2010-12-01,0.6282011079753318,0.2621831,0.8278950735764555,0.823321554770318,829.03125,2135354.0,1.0
313,2010-12-01,0.6282011079753318,0.2621831,0.8278950735764555,0.823321554770318,829.03125,5641545.0,1.0
314,2010-12-01,0.6282011079753318,0.2621831,0.8278950735764555,0.823321554770318,829.03125,18620498.0,1.0
315,2010-12-01,0.6282011079753318,0.2621831,0.8278950735764555,0.823321554770318,829.03125,1447925.0,1.0
316,2010-12-01,0.6282011079753318,0.2621831,0.8278950735764555,0.823321554770318,829.03125,1718960.0,1.0
317,2010-11-01,0.617539458555451,0.2621831,0.7946257197696737,0.7803297997644287,741.53125,2135354.0,1.0
318,2010-11-01,0.617539458555451,0.2621831,0.7946257197696737,0.7803297997644287,741.53125,5641545.0,1.0
319,2010-11-01,0.617539458555451,0.2621831,0.7946257197696737,0.7803297997644287,741.53125,18620498.0,1.0
320,2010-11-01,0.617539458555451,0.2621831,0.7946257197696737,0.7803297997644287,741.53125,1447925.0,1.0
321,2010-11-01,0.617539458555451,0.2621831,0.7946257197696737,0.7803297997644287,741.53125,1718960.0,1.0
322,2010-10-01,0.6156579910107661,0.2621831,0.7683941138835572,0.7697290930506477,743.025,2135354.0,1.0
323,2010-10-01,0.6156579910107661,0.2621831,0.7683941138835572,0.7697290930506477,743.025,5641545.0,1.0
324,2010-10-01,0.6156579910107661,0.2621831,0.7683941138835572,0.7697290930506477,743.025,18620498.0,1.0
325,2010-10-01,0.6156579910107661,0.2621831,0.7683941138835572,0.7697290930506477,743.025,1447925.0,1.0
326,2010-10-01,0.6156579910107661,0.2621831,0.7683941138835572,0.7697290930506477,743.025,1718960.0,1.0
327,2010-09-01,0.6245426988606669,0.2621831,0.7306461932181701,0.7420494699646643,744.90625,2135354.0,1.0
328,2010-09-01,0.6245426988606669,0.2621831,0.7306461932181701,0.7420494699646643,744.90625,5641545.0,1.0
329,2010-09-01,0.6245426988606669,0.2621831,0.7306461932181701,0.7420494699646643,744.90625,18620498.0,1.0
330,2010-09-01,0.6245426988606669,0.2621831,0.7306461932181701,0.7420494699646643,744.90625,1447925.0,1.0
331,2010-09-01,0.6245426988606669,0.2621831,0.7306461932181701,0.7420494699646643,744.90625,1718960.0,1.0
332,2010-08-01,0.5782376920664786,0.2621831,0.6890595009596928,0.6654888103651354,715.775,2135354.0,1.0
333,2010-08-01,0.5782376920664786,0.2621831,0.6890595009596928,0.6654888103651354,715.775,5641545.0,1.0
334,2010-08-01,0.5782376920664786,0.2621831,0.6890595009596928,0.6654888103651354,715.775,18620498.0,1.0
335,2010-08-01,0.5782376920664786,0.2621831,0.6890595009596928,0.6654888103651354,715.775,1447925.0,1.0
336,2010-08-01,0.5782376920664786,0.2621831,0.6890595009596928,0.6654888103651354,715.775,1718960.0,1.0
337,2010-07-01,0.4437127626215114,0.2621831,0.6397952655150352,0.5612485276796231,589.71875,2135354.0,1.0
338,2010-07-01,0.4437127626215114,0.2621831,0.6397952655150352,0.5612485276796231,589.71875,5641545.0,1.0
339,2010-07-01,0.4437127626215114,0.2621831,0.6397952655150352,0.5612485276796231,589.71875,18620498.0,1.0
340,2010-07-01,0.4437127626215114,0.2621831,0.6397952655150352,0.5612485276796231,589.71875,1447925.0,1.0
341,2010-07-01,0.4437127626215114,0.2621831,0.6397952655150352,0.5612485276796231,589.71875,1718960.0,1.0
342,2010-06-01,0.4302289118846033,0.2621831,0.6129238643634036,0.5170789163722025,483.875,2135354.0,1.0
343,2010-06-01,0.4302289118846033,0.2621831,0.6129238643634036,0.5170789163722025,483.875,5641545.0,1.0
344,2010-06-01,0.4302289118846033,0.2621831,0.6129238643634036,0.5170789163722025,483.875,18620498.0,1.0
345,2010-06-01,0.4302289118846033,0.2621831,0.6129238643634036,0.5170789163722025,483.875,1447925.0,1.0
346,2010-06-01,0.4302289118846033,0.2621831,0.6129238643634036,0.5170789163722025,483.875,1718960.0,1.0
347,2010-05-01,0.5090414968119578,0.2621831,0.6161228406909788,0.5335689045936395,492.65,2135354.0,1.0
348,2010-05-01,0.5090414968119578,0.2621831,0.6161228406909788,0.5335689045936395,492.65,5641545.0,1.0
349,2010-05-01,0.5090414968119578,0.2621831,0.6161228406909788,0.5335689045936395,492.65,18620498.0,1.0
350,2010-05-01,0.5090414968119578,0.2621831,0.6161228406909788,0.5335689045936395,492.65,1447925.0,1.0
351,2010-05-01,0.5090414968119578,0.2621831,0.6161228406909788,0.5335689045936395,492.65,1718960.0,1.0
352,2010-04-01,0.47716107452702,0.2621831,0.6199616122840691,0.5341578327444052,492.4375,2135354.0,1.0
353,2010-04-01,0.47716107452702,0.2621831,0.6199616122840691,0.5341578327444052,492.4375,5641545.0,1.0
354,2010-04-01,0.47716107452702,0.2621831,0.6199616122840691,0.5341578327444052,492.4375,18620498.0,1.0
355,2010-04-01,0.47716107452702,0.2621831,0.6199616122840691,0.5341578327444052,492.4375,1447925.0,1.0
356,2010-04-01,0.47716107452702,0.2621831,0.6199616122840691,0.5341578327444052,492.4375,1718960.0,1.0
357,2010-03-01,0.4415177171527124,0.2621831,0.6167626359564939,0.5406360424028268,485.84375,2135354.0,1.0
358,2010-03-01,0.4415177171527124,0.2621831,0.6167626359564939,0.5406360424028268,485.84375,5641545.0,1.0
359,2010-03-01,0.4415177171527124,0.2621831,0.6167626359564939,0.5406360424028268,485.84375,18620498.0,1.0
360,2010-03-01,0.4415177171527124,0.2621831,0.6167626359564939,0.5406360424028268,485.84375,1447925.0,1.0
361,2010-03-01,0.4415177171527124,0.2621831,0.6167626359564939,0.5406360424028268,485.84375,1718960.0,1.0
362,2010-02-01,0.4630500679418836,0.2621831,0.6333973128598848,0.5535924617196701,502.78125,2135354.0,1.0
363,2010-02-01,0.4630500679418836,0.2621831,0.6333973128598848,0.5535924617196701,502.78125,5641545.0,1.0
364,2010-02-01,0.4630500679418836,0.2621831,0.6333973128598848,0.5535924617196701,502.78125,18620498.0,1.0
365,2010-02-01,0.4630500679418836,0.2621831,0.6333973128598848,0.5535924617196701,502.78125,1447925.0,1.0
366,2010-02-01,0.4630500679418836,0.2621831,0.6333973128598848,0.5535924617196701,502.78125,1718960.0,1.0
367,2010-01-01,0.4938852304797742,0.2621831,0.6493921944977606,0.5795053003533569,516.525,2135354.0,1.0
368,2010-01-01,0.4938852304797742,0.2621831,0.6493921944977606,0.5795053003533569,516.525,5641545.0,1.0
369,2010-01-01,0.4938852304797742,0.2621831,0.6493921944977606,0.5795053003533569,516.525,18620498.0,1.0
370,2010-01-01,0.4938852304797742,0.2621831,0.6493921944977606,0.5795053003533569,516.525,1447925.0,1.0
371,2010-01-01,0.4938852304797742,0.2621831,0.6493921944977606,0.5795053003533569,516.525,1718960.0,1.0
372,2009-12-01,0.5021427824814466,0.2573608,0.6679462571976967,0.6048292108362779,525.40625,2014993.0,-1.0
373,2009-12-01,0.5021427824814466,0.2573608,0.6679462571976967,0.6048292108362779,525.40625,4695651.0,-1.0
374,2009-12-01,0.5021427824814466,0.2573608,0.6679462571976967,0.6048292108362779,525.40625,17570934.0,-1.0
375,2009-12-01,0.5021427824814466,0.2573608,0.6679462571976967,0.6048292108362779,525.40625,1265638.0,-1.0
376,2009-12-01,0.5021427824814466,0.2573608,0.6679462571976967,0.6048292108362779,525.40625,1622069.0,-1.0
377,2009-11-01,0.4473711717361764,0.2573608,0.6557901471529111,0.5989399293286218,540.05,2014993.0,-1.0
378,2009-11-01,0.4473711717361764,0.2573608,0.6557901471529111,0.5989399293286218,540.05,4695651.0,-1.0
379,2009-11-01,0.4473711717361764,0.2573608,0.6557901471529111,0.5989399293286218,540.05,17570934.0,-1.0
380,2009-11-01,0.4473711717361764,0.2573608,0.6557901471529111,0.5989399293286218,540.05,1265638.0,-1.0
381,2009-11-01,0.4473711717361764,0.2573608,0.6557901471529111,0.5989399293286218,540.05,1622069.0,-1.0
382,2009-10-01,0.4478938016097,0.2573608,0.6289187460012795,0.5730270906949352,516.46875,2014993.0,-1.0
383,2009-10-01,0.4478938016097,0.2573608,0.6289187460012795,0.5730270906949352,516.46875,4695651.0,-1.0
384,2009-10-01,0.4478938016097,0.2573608,0.6289187460012795,0.5730270906949352,516.46875,17570934.0,-1.0
385,2009-10-01,0.4478938016097,0.2573608,0.6289187460012795,0.5730270906949352,516.46875,1265638.0,-1.0
386,2009-10-01,0.4478938016097,0.2573608,0.6289187460012795,0.5730270906949352,516.46875,1622069.0,-1.0
387,2009-09-01,0.4344099508727919,0.2573608,0.6174024312220089,0.5488810365135454,472.3125,2014993.0,-1.0
388,2009-09-01,0.4344099508727919,0.2573608,0.6174024312220089,0.5488810365135454,472.3125,4695651.0,-1.0
389,2009-09-01,0.4344099508727919,0.2573608,0.6174024312220089,0.5488810365135454,472.3125,17570934.0,-1.0
390,2009-09-01,0.4344099508727919,0.2573608,0.6174024312220089,0.5488810365135454,472.3125,1265638.0,-1.0
391,2009-09-01,0.4344099508727919,0.2573608,0.6174024312220089,0.5488810365135454,472.3125,1622069.0,-1.0
392,2009-08-01,0.4782063342740671,0.2573608,0.6199616122840691,0.5612485276796231,514.025,2014993.0,-1.0
393,2009-08-01,0.4782063342740671,0.2573608,0.6199616122840691,0.5612485276796231,514.025,4695651.0,-1.0
394,2009-08-01,0.4782063342740671,0.2573608,0.6199616122840691,0.5612485276796231,514.025,17570934.0,-1.0
395,2009-08-01,0.4782063342740671,0.2573608,0.6199616122840691,0.5612485276796231,514.025,1265638.0,-1.0
396,2009-08-01,0.4782063342740671,0.2573608,0.6199616122840691,0.5612485276796231,514.025,1622069.0,-1.0
397,2009-07-01,0.4902268213651092,0.2573608,0.6020473448496481,0.5771495877502945,554.40625,2014993.0,-1.0
398,2009-07-01,0.4902268213651092,0.2573608,0.6020473448496481,0.5771495877502945,554.40625,4695651.0,-1.0
399,2009-07-01,0.4902268213651092,0.2573608,0.6020473448496481,0.5771495877502945,554.40625,17570934.0,-1.0
400,2009-07-01,0.4902268213651092,0.2573608,0.6020473448496481,0.5771495877502945,554.40625,1265638.0,-1.0
401,2009-07-01,0.4902268213651092,0.2573608,0.6020473448496481,0.5771495877502945,554.40625,1622069.0,-1.0
402,2009-06-01,0.4766384446534964,0.2573608,0.619321817018554,0.6289752650176678,613.25,2014993.0,-1.0
403,2009-06-01,0.4766384446534964,0.2573608,0.619321817018554,0.6289752650176678,613.25,4695651.0,-1.0
404,2009-06-01,0.4766384446534964,0.2573608,0.619321817018554,0.6289752650176678,613.25,17570934.0,-1.0
405,2009-06-01,0.4766384446534964,0.2573608,0.619321817018554,0.6289752650176678,613.25,1265638.0,-1.0
406,2009-06-01,0.4766384446534964,0.2573608,0.619321817018554,0.6289752650176678,613.25,1622069.0,-1.0
407,2009-05-01,0.4390090937597993,0.2573608,0.619321817018554,0.6313309776207302,652.2,2014993.0,-1.0
408,2009-05-01,0.4390090937597993,0.2573608,0.619321817018554,0.6313309776207302,652.2,4695651.0,-1.0
409,2009-05-01,0.4390090937597993,0.2573608,0.619321817018554,0.6313309776207302,652.2,17570934.0,-1.0
410,2009-05-01,0.4390090937597993,0.2573608,0.619321817018554,0.6313309776207302,652.2,1265638.0,-1.0
411,2009-05-01,0.4390090937597993,0.2573608,0.619321817018554,0.6313309776207302,652.2,1622069.0,-1.0
412,2009-04-01,0.4410996132538936,0.2573608,0.5790147152911068,0.5995288574793874,579.46875,2014993.0,-1.0
413,2009-04-01,0.4410996132538936,0.2573608,0.5790147152911068,0.5995288574793874,579.46875,4695651.0,-1.0
414,2009-04-01,0.4410996132538936,0.2573608,0.5790147152911068,0.5995288574793874,579.46875,17570934.0,-1.0
415,2009-04-01,0.4410996132538936,0.2573608,0.5790147152911068,0.5995288574793874,579.46875,1265638.0,-1.0
416,2009-04-01,0.4410996132538936,0.2573608,0.5790147152911068,0.5995288574793874,579.46875,1622069.0,-1.0
417,2009-03-01,0.4478938016097,0.2573608,0.5572616762635956,0.5936395759717313,574.55,2014993.0,-1.0
418,2009-03-01,0.4478938016097,0.2573608,0.5572616762635956,0.5936395759717313,574.55,4695651.0,-1.0
419,2009-03-01,0.4478938016097,0.2573608,0.5572616762635956,0.5936395759717313,574.55,17570934.0,-1.0
420,2009-03-01,0.4478938016097,0.2573608,0.5572616762635956,0.5936395759717313,574.55,1265638.0,-1.0
421,2009-03-01,0.4478938016097,0.2573608,0.5572616762635956,0.5936395759717313,574.55,1622069.0,-1.0
422,2009-02-01,0.4567785094596007,0.2573608,0.5585412667946257,0.5936395759717313,572.96875,2014993.0,-1.0
423,2009-02-01,0.4567785094596007,0.2573608,0.5585412667946257,0.5936395759717313,572.96875,4695651.0,-1.0
424,2009-02-01,0.4567785094596007,0.2573608,0.5585412667946257,0.5936395759717313,572.96875,17570934.0,-1.0
425,2009-02-01,0.4567785094596007,0.2573608,0.5585412667946257,0.5936395759717313,572.96875,1265638.0,-1.0
426,2009-02-01,0.4567785094596007,0.2573608,0.5585412667946257,0.5936395759717313,572.96875,1622069.0,-1.0
427,2009-01-01,0.4452806522420821,0.2573608,0.5732565579014715,0.6130742049469964,621.71875,2014993.0,-1.0
428,2009-01-01,0.4452806522420821,0.2573608,0.5732565579014715,0.6130742049469964,621.71875,4695651.0,-1.0
429,2009-01-01,0.4452806522420821,0.2573608,0.5732565579014715,0.6130742049469964,621.71875,17570934.0,-1.0
430,2009-01-01,0.4452806522420821,0.2573608,0.5732565579014715,0.6130742049469964,621.71875,1265638.0,-1.0
431,2009-01-01,0.4452806522420821,0.2573608,0.5732565579014715,0.6130742049469964,621.71875,1622069.0,-1.0
432,2008-12-01,0.3696038465558691,0.2616087,0.5348688419705694,0.5453474676089516,577.1875,3904518.0,-1.0
433,2008-12-01,0.3696038465558691,0.2616087,0.5348688419705694,0.5453474676089516,577.1875,9985892.0,-1.0
434,2008-12-01,0.3696038465558691,0.2616087,0.5348688419705694,0.5453474676089516,577.1875,34047774.0,-1.0
435,2008-12-01,0.3696038465558691,0.2616087,0.5348688419705694,0.5453474676089516,577.1875,3176008.0,-1.0
436,2008-12-01,0.3696038465558691,0.2616087,0.5348688419705694,0.5453474676089516,577.1875,3143137.0,-1.0
437,2008-11-01,0.3945855545102958,0.2616087,0.5572616762635956,0.5500588928150766,565.45,3904518.0,-1.0
438,2008-11-01,0.3945855545102958,0.2616087,0.5572616762635956,0.5500588928150766,565.45,9985892.0,-1.0
439,2008-11-01,0.3945855545102958,0.2616087,0.5572616762635956,0.5500588928150766,565.45,34047774.0,-1.0
440,2008-11-01,0.3945855545102958,0.2616087,0.5572616762635956,0.5500588928150766,565.45,3176008.0,-1.0
441,2008-11-01,0.3945855545102958,0.2616087,0.5572616762635956,0.5500588928150766,565.45,3143137.0,-1.0
442,2008-10-01,0.4912720811121563,0.2616087,0.6071657069737684,0.6012956419316843,597.71875,3904518.0,-1.0
443,2008-10-01,0.4912720811121563,0.2616087,0.6071657069737684,0.6012956419316843,597.71875,9985892.0,-1.0
444,2008-10-01,0.4912720811121563,0.2616087,0.6071657069737684,0.6012956419316843,597.71875,34047774.0,-1.0
445,2008-10-01,0.4912720811121563,0.2616087,0.6071657069737684,0.6012956419316843,597.71875,3176008.0,-1.0
446,2008-10-01,0.4912720811121563,0.2616087,0.6071657069737684,0.6012956419316843,597.71875,3143137.0,-1.0
447,2008-09-01,0.5853454583463992,0.2616087,0.7018554062699935,0.7179034157832744,747.875,3904518.0,-1.0
448,2008-09-01,0.5853454583463992,0.2616087,0.7018554062699935,0.7179034157832744,747.875,9985892.0,-1.0
449,2008-09-01,0.5853454583463992,0.2616087,0.7018554062699935,0.7179034157832744,747.875,34047774.0,-1.0
450,2008-09-01,0.5853454583463992,0.2616087,0.7018554062699935,0.7179034157832744,747.875,3176008.0,-1.0
451,2008-09-01,0.5853454583463992,0.2616087,0.7018554062699935,0.7179034157832744,747.875,3143137.0,-1.0
452,2008-08-01,0.6409532768893069,0.2616087,0.7536788227767114,0.7820965842167256,849.05,3904518.0,-1.0
453,2008-08-01,0.6409532768893069,0.2616087,0.7536788227767114,0.7820965842167256,849.05,9985892.0,-1.0
454,2008-08-01,0.6409532768893069,0.2616087,0.7536788227767114,0.7820965842167256,849.05,34047774.0,-1.0
455,2008-08-01,0.6409532768893069,0.2616087,0.7536788227767114,0.7820965842167256,849.05,3176008.0,-1.0
456,2008-08-01,0.6409532768893069,0.2616087,0.7536788227767114,0.7820965842167256,849.05,3143137.0,-1.0
457,2008-07-01,0.6883035434305425,0.2616087,0.8099808061420345,0.8492343934040046,841.84375,3904518.0,-1.0
458,2008-07-01,0.6883035434305425,0.2616087,0.8099808061420345,0.8492343934040046,841.84375,9985892.0,-1.0
459,2008-07-01,0.6883035434305425,0.2616087,0.8099808061420345,0.8492343934040046,841.84375,34047774.0,-1.0
460,2008-07-01,0.6883035434305425,0.2616087,0.8099808061420345,0.8492343934040046,841.84375,3176008.0,-1.0
461,2008-07-01,0.6883035434305425,0.2616087,0.8099808061420345,0.8492343934040046,841.84375,3143137.0,-1.0
462,2008-06-01,0.758335946482701,0.2616087,0.8246960972488804,0.9181389870435808,894.7,3904518.0,-1.0
463,2008-06-01,0.758335946482701,0.2616087,0.8246960972488804,0.9181389870435808,894.7,9985892.0,-1.0
464,2008-06-01,0.758335946482701,0.2616087,0.8246960972488804,0.9181389870435808,894.7,34047774.0,-1.0
465,2008-06-01,0.758335946482701,0.2616087,0.8246960972488804,0.9181389870435808,894.7,3176008.0,-1.0
466,2008-06-01,0.758335946482701,0.2616087,0.8246960972488804,0.9181389870435808,894.7,3143137.0,-1.0
467,2008-03-01,0.8257552001672416,0.2616087,0.8221369161868202,0.9358068315665488,1130.35,3904518.0,-1.0
468,2008-03-01,0.8257552001672416,0.2616087,0.8221369161868202,0.9358068315665488,1130.35,9985892.0,-1.0
469,2008-03-01,0.8257552001672416,0.2616087,0.8221369161868202,0.9358068315665488,1130.35,34047774.0,-1.0
470,2008-03-01,0.8257552001672416,0.2616087,0.8221369161868202,0.9358068315665488,1130.35,3176008.0,-1.0
471,2008-03-01,0.8257552001672416,0.2616087,0.8221369161868202,0.9358068315665488,1130.35,3143137.0,-1.0
472,2008-02-01,0.7625169854708895,0.2616087,0.7971849008317338,0.9216725559481742,1128.84375,3904518.0,-1.0
473,2008-02-01,0.7625169854708895,0.2616087,0.7971849008317338,0.9216725559481742,1128.84375,9985892.0,-1.0
474,2008-02-01,0.7625169854708895,0.2616087,0.7971849008317338,0.9216725559481742,1128.84375,34047774.0,-1.0
475,2008-02-01,0.7625169854708895,0.2616087,0.7971849008317338,0.9216725559481742,1128.84375,3176008.0,-1.0
476,2008-02-01,0.7625169854708895,0.2616087,0.7971849008317338,0.9216725559481742,1128.84375,3143137.0,-1.0
477,2008-01-01,0.687780913557019,0.2616087,0.7472808701215611,0.8080094228504121,965.625,3904518.0,-1.0
478,2008-01-01,0.687780913557019,0.2616087,0.7472808701215611,0.8080094228504121,965.625,9985892.0,-1.0
479,2008-01-01,0.687780913557019,0.2616087,0.7472808701215611,0.8080094228504121,965.625,34047774.0,-1.0
480,2008-01-01,0.687780913557019,0.2616087,0.7472808701215611,0.8080094228504121,965.625,3176008.0,-1.0
481,2008-01-01,0.687780913557019,0.2616087,0.7472808701215611,0.8080094228504121,965.625,3143137.0,-1.0
482,2007-12-01,0.6473711717361764,0.2661159,0.7671145233525272,0.8162544169611307,953.7,3472636.0,-1.0
483,2007-12-01,0.6473711717361764,0.2661159,0.7671145233525272,0.8162544169611307,953.7,7003023.0,-1.0
484,2007-12-01,0.6473711717361764,0.2661159,0.7671145233525272,0.8162544169611307,953.7,30281726.0,-1.0
485,2007-12-01,0.6473711717361764,0.2661159,0.7671145233525272,0.8162544169611307,953.7,2262215.0,-1.0
486,2007-12-01,0.6473711717361764,0.2661159,0.7671145233525272,0.8162544169611307,953.7,2795472.0,-1.0
487,2007-11-01,0.6052053935402947,0.2661159,0.7408829174664107,0.7473498233215548,817.625,3472636.0,-1.0
488,2007-11-01,0.6052053935402947,0.2661159,0.7408829174664107,0.7473498233215548,817.625,7003023.0,-1.0
489,2007-11-01,0.6052053935402947,0.2661159,0.7408829174664107,0.7473498233215548,817.625,30281726.0,-1.0
490,2007-11-01,0.6052053935402947,0.2661159,0.7408829174664107,0.7473498233215548,817.625,2262215.0,-1.0
491,2007-11-01,0.6052053935402947,0.2661159,0.7408829174664107,0.7473498233215548,817.625,2795472.0,-1.0
492,2007-10-01,0.6710567576042646,0.2661159,0.7216890595009596,0.7491166077738516,849.875,3472636.0,-1.0
493,2007-10-01,0.6710567576042646,0.2661159,0.7216890595009596,0.7491166077738516,849.875,7003023.0,-1.0
494,2007-10-01,0.6710567576042646,0.2661159,0.7216890595009596,0.7491166077738516,849.875,30281726.0,-1.0
495,2007-10-01,0.6710567576042646,0.2661159,0.7216890595009596,0.7491166077738516,849.875,2262215.0,-1.0
496,2007-10-01,0.6710567576042646,0.2661159,0.7216890595009596,0.7491166077738516,849.875,2795472.0,-1.0
497,2007-09-01,0.6794188355806419,0.2661159,0.7044145873320536,0.7232037691401648,857.475,3472636.0,-1.0
498,2007-09-01,0.6794188355806419,0.2661159,0.7044145873320536,0.7232037691401648,857.475,7003023.0,-1.0
499,2007-09-01,0.6794188355806419,0.2661159,0.7044145873320536,0.7232037691401648,857.475,30281726.0,-1.0
500,2007-09-01,0.6794188355806419,0.2661159,0.7044145873320536,0.7232037691401648,857.475,2262215.0,-1.0
501,2007-09-01,0.6794188355806419,0.2661159,0.7044145873320536,0.7232037691401648,857.475,2795472.0,-1.0
502,2007-08-01,0.5712344517612626,0.2661159,0.6634676903390915,0.6307420494699646,668.3125,3472636.0,-1.0
503,2007-08-01,0.5712344517612626,0.2661159,0.6634676903390915,0.6307420494699646,668.3125,7003023.0,-1.0
504,2007-08-01,0.5712344517612626,0.2661159,0.6634676903390915,0.6307420494699646,668.3125,30281726.0,-1.0
505,2007-08-01,0.5712344517612626,0.2661159,0.6634676903390915,0.6307420494699646,668.3125,2262215.0,-1.0
506,2007-08-01,0.5712344517612626,0.2661159,0.6634676903390915,0.6307420494699646,668.3125,2795472.0,-1.0
507,2007-07-01,0.525410264450716,0.2661159,0.6391554702495201,0.5853945818610129,613.725,3472636.0,-1.0
508,2007-07-01,0.525410264450716,0.2661159,0.6391554702495201,0.5853945818610129,613.725,7003023.0,-1.0
509,2007-07-01,0.525410264450716,0.2661159,0.6391554702495201,0.5853945818610129,613.725,30281726.0,-1.0
510,2007-07-01,0.525410264450716,0.2661159,0.6391554702495201,0.5853945818610129,613.725,2262215.0,-1.0
511,2007-07-01,0.525410264450716,0.2661159,0.6391554702495201,0.5853945818610129,613.725,2795472.0,-1.0
512,2007-06-01,0.4996341590885335,0.2661159,0.6110044785668586,0.5677267373380448,565.96875,3472636.0,-1.0
513,2007-06-01,0.4996341590885335,0.2661159,0.6110044785668586,0.5677267373380448,565.96875,7003023.0,-1.0
514,2007-06-01,0.4996341590885335,0.2661159,0.6110044785668586,0.5677267373380448,565.96875,30281726.0,-1.0
515,2007-06-01,0.4996341590885335,0.2661159,0.6110044785668586,0.5677267373380448,565.96875,2262215.0,-1.0
516,2007-06-01,0.4996341590885335,0.2661159,0.6110044785668586,0.5677267373380448,565.96875,2795472.0,-1.0
517,2007-05-01,0.4569875614090101,0.2661159,0.5777351247600767,0.5347467608951707,482.03125,3472636.0,-1.0
518,2007-05-01,0.4569875614090101,0.2661159,0.5777351247600767,0.5347467608951707,482.03125,7003023.0,-1.0
519,2007-05-01,0.4569875614090101,0.2661159,0.5777351247600767,0.5347467608951707,482.03125,30281726.0,-1.0
520,2007-05-01,0.4569875614090101,0.2661159,0.5777351247600767,0.5347467608951707,482.03125,2262215.0,-1.0
521,2007-05-01,0.4569875614090101,0.2661159,0.5777351247600767,0.5347467608951707,482.03125,2795472.0,-1.0
522,2007-04-01,0.4358733145186578,0.2661159,0.5604606525911707,0.525323910482921,485.8,3472636.0,-1.0
523,2007-04-01,0.4358733145186578,0.2661159,0.5604606525911707,0.525323910482921,485.8,7003023.0,-1.0
524,2007-04-01,0.4358733145186578,0.2661159,0.5604606525911707,0.525323910482921,485.8,30281726.0,-1.0
525,2007-04-01,0.4358733145186578,0.2661159,0.5604606525911707,0.525323910482921,485.8,2262215.0,-1.0
526,2007-04-01,0.4358733145186578,0.2661159,0.5604606525911707,0.525323910482921,485.8,2795472.0,-1.0
527,2007-03-01,0.3909271453956308,0.2661159,0.5419065898912347,0.5335689045936395,485.9375,3472636.0,-1.0
528,2007-03-01,0.3909271453956308,0.2661159,0.5419065898912347,0.5335689045936395,485.9375,7003023.0,-1.0
529,2007-03-01,0.3909271453956308,0.2661159,0.5419065898912347,0.5335689045936395,485.9375,30281726.0,-1.0
530,2007-03-01,0.3909271453956308,0.2661159,0.5419065898912347,0.5335689045936395,485.9375,2262215.0,-1.0
531,2007-03-01,0.3909271453956308,0.2661159,0.5419065898912347,0.5335689045936395,485.9375,2795472.0,-1.0
532,2007-02-01,0.3658409114664994,0.2661159,0.5342290467050543,0.5371024734982331,492.65625,3472636.0,-1.0
533,2007-02-01,0.3658409114664994,0.2661159,0.5342290467050543,0.5371024734982331,492.65625,7003023.0,-1.0
534,2007-02-01,0.3658409114664994,0.2661159,0.5342290467050543,0.5371024734982331,492.65625,30281726.0,-1.0
535,2007-02-01,0.3658409114664994,0.2661159,0.5342290467050543,0.5371024734982331,492.65625,2262215.0,-1.0
536,2007-02-01,0.3658409114664994,0.2661159,0.5342290467050543,0.5371024734982331,492.65625,2795472.0,-1.0
537,2007-01-01,0.3817288596216158,0.2661159,0.5239923224568138,0.525323910482921,490.90625,3472636.0,-1.0
538,2007-01-01,0.3817288596216158,0.2661159,0.5239923224568138,0.525323910482921,490.90625,7003023.0,-1.0
539,2007-01-01,0.3817288596216158,0.2661159,0.5239923224568138,0.525323910482921,490.90625,30281726.0,-1.0
540,2007-01-01,0.3817288596216158,0.2661159,0.5239923224568138,0.525323910482921,490.90625,2262215.0,-1.0
541,2007-01-01,0.3817288596216158,0.2661159,0.5239923224568138,0.525323910482921,490.90625,2795472.0,-1.0
542,2006-12-01,0.3888366259015365,0.2632107,0.5591810620601407,0.5594817432273262,505.3,3012955.0,1.0
543,2006-12-01,0.3888366259015365,0.2632107,0.5591810620601407,0.5594817432273262,505.3,4338194.0,1.0
544,2006-12-01,0.3888366259015365,0.2632107,0.5591810620601407,0.5594817432273262,505.3,26273261.0,1.0
545,2006-12-01,0.3888366259015365,0.2632107,0.5591810620601407,0.5594817432273262,505.3,1420350.0,1.0
546,2006-12-01,0.3888366259015365,0.2632107,0.5591810620601407,0.5594817432273262,505.3,2425429.0,1.0
547,2006-11-01,0.3872687362809658,0.2632107,0.5515035188739603,0.5588928150765606,520.59375,3012955.0,1.0
548,2006-11-01,0.3872687362809658,0.2632107,0.5515035188739603,0.5588928150765606,520.59375,4338194.0,1.0
549,2006-11-01,0.3872687362809658,0.2632107,0.5515035188739603,0.5588928150765606,520.59375,26273261.0,1.0
550,2006-11-01,0.3872687362809658,0.2632107,0.5515035188739603,0.5588928150765606,520.59375,1420350.0,1.0
551,2006-11-01,0.3872687362809658,0.2632107,0.5515035188739603,0.5588928150765606,520.59375,2425429.0,1.0
552,2006-10-01,0.3997073272708266,0.2632107,0.5335892514395394,0.5229681978798586,524.875,3012955.0,1.0
553,2006-10-01,0.3997073272708266,0.2632107,0.5335892514395394,0.5229681978798586,524.875,4338194.0,1.0
554,2006-10-01,0.3997073272708266,0.2632107,0.5335892514395394,0.5229681978798586,524.875,26273261.0,1.0
555,2006-10-01,0.3997073272708266,0.2632107,0.5335892514395394,0.5229681978798586,524.875,1420350.0,1.0
556,2006-10-01,0.3997073272708266,0.2632107,0.5335892514395394,0.5229681978798586,524.875,2425429.0,1.0
557,2006-09-01,0.3496393853872687,0.2632107,0.5195137555982086,0.4752650176678445,471.125,3012955.0,1.0
558,2006-09-01,0.3496393853872687,0.2632107,0.5195137555982086,0.4752650176678445,471.125,4338194.0,1.0
559,2006-09-01,0.3496393853872687,0.2632107,0.5195137555982086,0.4752650176678445,471.125,26273261.0,1.0
560,2006-09-01,0.3496393853872687,0.2632107,0.5195137555982086,0.4752650176678445,471.125,1420350.0,1.0
561,2006-09-01,0.3496393853872687,0.2632107,0.5195137555982086,0.4752650176678445,471.125,2425429.0,1.0
562,2006-08-01,0.3349012229539038,0.2632107,0.5188739603326935,0.4564193168433451,460.8125,3012955.0,1.0
563,2006-08-01,0.3349012229539038,0.2632107,0.5188739603326935,0.4564193168433451,460.8125,4338194.0,1.0
564,2006-08-01,0.3349012229539038,0.2632107,0.5188739603326935,0.4564193168433451,460.8125,26273261.0,1.0
565,2006-08-01,0.3349012229539038,0.2632107,0.5188739603326935,0.4564193168433451,460.8125,1420350.0,1.0
566,2006-08-01,0.3349012229539038,0.2632107,0.5188739603326935,0.4564193168433451,460.8125,2425429.0,1.0
567,2006-07-01,0.3313473398139437,0.2632107,0.5188739603326935,0.4575971731448763,495.225,3012955.0,1.0
568,2006-07-01,0.3313473398139437,0.2632107,0.5188739603326935,0.4575971731448763,495.225,4338194.0,1.0
569,2006-07-01,0.3313473398139437,0.2632107,0.5188739603326935,0.4575971731448763,495.225,26273261.0,1.0
570,2006-07-01,0.3313473398139437,0.2632107,0.5188739603326935,0.4575971731448763,495.225,1420350.0,1.0
571,2006-07-01,0.3313473398139437,0.2632107,0.5188739603326935,0.4575971731448763,495.225,2425429.0,1.0
572,2006-06-01,0.326121041078708,0.2632107,0.5060780550223928,0.4440518256772673,480.40625,3012955.0,1.0
573,2006-06-01,0.326121041078708,0.2632107,0.5060780550223928,0.4440518256772673,480.40625,4338194.0,1.0
574,2006-06-01,0.326121041078708,0.2632107,0.5060780550223928,0.4440518256772673,480.40625,26273261.0,1.0
575,2006-06-01,0.326121041078708,0.2632107,0.5060780550223928,0.4440518256772673,480.40625,1420350.0,1.0
576,2006-06-01,0.326121041078708,0.2632107,0.5060780550223928,0.4440518256772673,480.40625,2425429.0,1.0
577,2006-05-01,0.3060520539354029,0.2632107,0.5054382597568777,0.4440518256772673,491.8125,3012955.0,1.0
578,2006-05-01,0.3060520539354029,0.2632107,0.5054382597568777,0.4440518256772673,491.8125,4338194.0,1.0
579,2006-05-01,0.3060520539354029,0.2632107,0.5054382597568777,0.4440518256772673,491.8125,26273261.0,1.0
580,2006-05-01,0.3060520539354029,0.2632107,0.5054382597568777,0.4440518256772673,491.8125,1420350.0,1.0
581,2006-05-01,0.3060520539354029,0.2632107,0.5054382597568777,0.4440518256772673,491.8125,2425429.0,1.0
582,2006-04-01,0.2832653914497753,0.2632107,0.4964811260396672,0.4269729093050647,437.075,3012955.0,1.0
583,2006-04-01,0.2832653914497753,0.2632107,0.4964811260396672,0.4269729093050647,437.075,4338194.0,1.0
584,2006-04-01,0.2832653914497753,0.2632107,0.4964811260396672,0.4269729093050647,437.075,26273261.0,1.0
585,2006-04-01,0.2832653914497753,0.2632107,0.4964811260396672,0.4269729093050647,437.075,1420350.0,1.0
586,2006-04-01,0.2832653914497753,0.2632107,0.4964811260396672,0.4269729093050647,437.075,2425429.0,1.0
587,2006-03-01,0.2827427615762517,0.2632107,0.4939219449776071,0.4187279151943462,419.78125,3012955.0,1.0
588,2006-03-01,0.2827427615762517,0.2632107,0.4939219449776071,0.4187279151943462,419.78125,4338194.0,1.0
589,2006-03-01,0.2827427615762517,0.2632107,0.4939219449776071,0.4187279151943462,419.78125,26273261.0,1.0
590,2006-03-01,0.2827427615762517,0.2632107,0.4939219449776071,0.4187279151943462,419.78125,1420350.0,1.0
591,2006-03-01,0.2827427615762517,0.2632107,0.4939219449776071,0.4187279151943462,419.78125,2425429.0,1.0
592,2006-02-01,0.2869238005644403,0.2632107,0.5015994881637876,0.4246171967020023,429.21875,3012955.0,1.0
593,2006-02-01,0.2869238005644403,0.2632107,0.5015994881637876,0.4246171967020023,429.21875,4338194.0,1.0
594,2006-02-01,0.2869238005644403,0.2632107,0.5015994881637876,0.4246171967020023,429.21875,26273261.0,1.0
595,2006-02-01,0.2869238005644403,0.2632107,0.5015994881637876,0.4246171967020023,429.21875,1420350.0,1.0
596,2006-02-01,0.2869238005644403,0.2632107,0.5015994881637876,0.4246171967020023,429.21875,2425429.0,1.0
597,2006-01-01,0.2784571966133582,0.2632107,0.4939219449776071,0.4110718492343934,386.275,3012955.0,1.0
598,2006-01-01,0.2784571966133582,0.2632107,0.4939219449776071,0.4110718492343934,386.275,4338194.0,1.0
599,2006-01-01,0.2784571966133582,0.2632107,0.4939219449776071,0.4110718492343934,386.275,26273261.0,1.0
600,2006-01-01,0.2784571966133582,0.2632107,0.4939219449776071,0.4110718492343934,386.275,1420350.0,1.0
601,2006-01-01,0.2784571966133582,0.2632107,0.4939219449776071,0.4110718492343934,386.275,2425429.0,1.0
602,2005-12-01,0.2717675342322567,0.2710987,0.5073576455534229,0.4128386336866901,368.625,3822252.0,1.0
603,2005-12-01,0.2717675342322567,0.2710987,0.5073576455534229,0.4128386336866901,368.625,4728777.0,1.0
604,2005-12-01,0.2717675342322567,0.2710987,0.5073576455534229,0.4128386336866901,368.625,33330406.0,1.0
605,2005-12-01,0.2717675342322567,0.2710987,0.5073576455534229,0.4128386336866901,368.625,1628559.0,1.0
606,2005-12-01,0.2717675342322567,0.2710987,0.5073576455534229,0.4128386336866901,368.625,3076912.0,1.0
607,2005-11-01,0.2792934044109961,0.2710987,0.5022392834293026,0.4069493521790341,360.0625,3822252.0,1.0
608,2005-11-01,0.2792934044109961,0.2710987,0.5022392834293026,0.4069493521790341,360.0625,4728777.0,1.0
609,2005-11-01,0.2792934044109961,0.2710987,0.5022392834293026,0.4069493521790341,360.0625,33330406.0,1.0
610,2005-11-01,0.2792934044109961,0.2710987,0.5022392834293026,0.4069493521790341,360.0625,1628559.0,1.0
611,2005-11-01,0.2792934044109961,0.2710987,0.5022392834293026,0.4069493521790341,360.0625,3076912.0,1.0
612,2005-10-01,0.2764712030939689,0.2710987,0.5067178502879078,0.4169611307420494,375.2,3822252.0,1.0
613,2005-10-01,0.2764712030939689,0.2710987,0.5067178502879078,0.4169611307420494,375.2,4728777.0,1.0
614,2005-10-01,0.2764712030939689,0.2710987,0.5067178502879078,0.4169611307420494,375.2,33330406.0,1.0
615,2005-10-01,0.2764712030939689,0.2710987,0.5067178502879078,0.4169611307420494,375.2,1628559.0,1.0
616,2005-10-01,0.2764712030939689,0.2710987,0.5067178502879078,0.4169611307420494,375.2,3076912.0,1.0
617,2005-09-01,0.284833281070346,0.2710987,0.4990403071017274,0.4134275618374558,358.15625,3822252.0,1.0
618,2005-09-01,0.284833281070346,0.2710987,0.4990403071017274,0.4134275618374558,358.15625,4728777.0,1.0
619,2005-09-01,0.284833281070346,0.2710987,0.4990403071017274,0.4134275618374558,358.15625,33330406.0,1.0
620,2005-09-01,0.284833281070346,0.2710987,0.4990403071017274,0.4134275618374558,358.15625,1628559.0,1.0
621,2005-09-01,0.284833281070346,0.2710987,0.4990403071017274,0.4134275618374558,358.15625,3076912.0,1.0
622,2005-08-01,0.2968537681613881,0.2710987,0.492642354446577,0.4093050647820965,343.46875,3822252.0,1.0
623,2005-08-01,0.2968537681613881,0.2710987,0.492642354446577,0.4093050647820965,343.46875,4728777.0,1.0
624,2005-08-01,0.2968537681613881,0.2710987,0.492642354446577,0.4093050647820965,343.46875,33330406.0,1.0
625,2005-08-01,0.2968537681613881,0.2710987,0.492642354446577,0.4093050647820965,343.46875,1628559.0,1.0
626,2005-08-01,0.2968537681613881,0.2710987,0.492642354446577,0.4093050647820965,343.46875,3076912.0,1.0
627,2005-07-01,0.3010348071495766,0.2710987,0.492002559181062,0.4110718492343934,338.75,3822252.0,1.0
628,2005-07-01,0.3010348071495766,0.2710987,0.492002559181062,0.4110718492343934,338.75,4728777.0,1.0
629,2005-07-01,0.3010348071495766,0.2710987,0.492002559181062,0.4110718492343934,338.75,33330406.0,1.0
630,2005-07-01,0.3010348071495766,0.2710987,0.492002559181062,0.4110718492343934,338.75,1628559.0,1.0
631,2005-07-01,0.3010348071495766,0.2710987,0.492002559181062,0.4110718492343934,338.75,3076912.0,1.0
632,2005-06-01,0.2790843524615867,0.2710987,0.4900831733845169,0.404004711425206,328.71875,3822252.0,1.0
633,2005-06-01,0.2790843524615867,0.2710987,0.4900831733845169,0.404004711425206,328.71875,4728777.0,1.0
634,2005-06-01,0.2790843524615867,0.2710987,0.4900831733845169,0.404004711425206,328.71875,33330406.0,1.0
635,2005-06-01,0.2790843524615867,0.2710987,0.4900831733845169,0.404004711425206,328.71875,1628559.0,1.0
636,2005-06-01,0.2790843524615867,0.2710987,0.4900831733845169,0.404004711425206,328.71875,3076912.0,1.0
637,2005-05-01,0.2788753005121772,0.2710987,0.4836852207293665,0.3987043580683156,330.7,3822252.0,1.0
638,2005-05-01,0.2788753005121772,0.2710987,0.4836852207293665,0.3987043580683156,330.7,4728777.0,1.0
639,2005-05-01,0.2788753005121772,0.2710987,0.4836852207293665,0.3987043580683156,330.7,33330406.0,1.0
640,2005-05-01,0.2788753005121772,0.2710987,0.4836852207293665,0.3987043580683156,330.7,1628559.0,1.0
641,2005-05-01,0.2788753005121772,0.2710987,0.4836852207293665,0.3987043580683156,330.7,3076912.0,1.0
642,2005-04-01,0.270199644611686,0.2710987,0.4785668586052463,0.3998822143698469,325.59375,3822252.0,1.0
643,2005-04-01,0.270199644611686,0.2710987,0.4785668586052463,0.3998822143698469,325.59375,4728777.0,1.0
644,2005-04-01,0.270199644611686,0.2710987,0.4785668586052463,0.3998822143698469,325.59375,33330406.0,1.0
645,2005-04-01,0.270199644611686,0.2710987,0.4785668586052463,0.3998822143698469,325.59375,1628559.0,1.0
646,2005-04-01,0.270199644611686,0.2710987,0.4785668586052463,0.3998822143698469,325.59375,3076912.0,1.0
647,2005-03-01,0.2667502874464304,0.2710987,0.4900831733845169,0.4134275618374558,356.375,3822252.0,1.0
648,2005-03-01,0.2667502874464304,0.2710987,0.4900831733845169,0.4134275618374558,356.375,4728777.0,1.0
649,2005-03-01,0.2667502874464304,0.2710987,0.4900831733845169,0.4134275618374558,356.375,33330406.0,1.0
650,2005-03-01,0.2667502874464304,0.2710987,0.4900831733845169,0.4134275618374558,356.375,1628559.0,1.0
651,2005-03-01,0.2667502874464304,0.2710987,0.4900831733845169,0.4134275618374558,356.375,3076912.0,1.0
652,2005-02-01,0.2357060729591303,0.2710987,0.4811260396673064,0.4051825677267373,341.75,3822252.0,1.0
653,2005-02-01,0.2357060729591303,0.2710987,0.4811260396673064,0.4051825677267373,341.75,4728777.0,1.0
654,2005-02-01,0.2357060729591303,0.2710987,0.4811260396673064,0.4051825677267373,341.75,33330406.0,1.0
655,2005-02-01,0.2357060729591303,0.2710987,0.4811260396673064,0.4051825677267373,341.75,1628559.0,1.0
656,2005-02-01,0.2357060729591303,0.2710987,0.4811260396673064,0.4051825677267373,341.75,3076912.0,1.0
657,2005-01-01,0.2236855858680882,0.2710987,0.4772872680742162,0.4063604240282685,333.15,3822252.0,1.0
658,2005-01-01,0.2236855858680882,0.2710987,0.4772872680742162,0.4063604240282685,333.15,4728777.0,1.0
659,2005-01-01,0.2236855858680882,0.2710987,0.4772872680742162,0.4063604240282685,333.15,33330406.0,1.0
660,2005-01-01,0.2236855858680882,0.2710987,0.4772872680742162,0.4063604240282685,333.15,1628559.0,1.0
661,2005-01-01,0.2236855858680882,0.2710987,0.4772872680742162,0.4063604240282685,333.15,3076912.0,1.0
662,2004-12-01,0.2315250339709418,0.2786024,0.4939219449776071,0.4193168433451119,343.65625,3483822.0,
663,2004-12-01,0.2315250339709418,0.2786024,0.4939219449776071,0.4193168433451119,343.65625,4633705.0,
664,2004-12-01,0.2315250339709418,0.2786024,0.4939219449776071,0.4193168433451119,343.65625,30379264.0,
665,2004-12-01,0.2315250339709418,0.2786024,0.4939219449776071,0.4193168433451119,343.65625,1585093.0,
666,2004-12-01,0.2315250339709418,0.2786024,0.4939219449776071,0.4193168433451119,343.65625,2804476.0,
667,2004-11-01,0.241664053517299,0.2786024,0.492002559181062,0.4157832744405182,348.625,3483822.0,
668,2004-11-01,0.241664053517299,0.2786024,0.492002559181062,0.4157832744405182,348.625,4633705.0,
669,2004-11-01,0.241664053517299,0.2786024,0.492002559181062,0.4157832744405182,348.625,30379264.0,
670,2004-11-01,0.241664053517299,0.2786024,0.492002559181062,0.4157832744405182,348.625,1585093.0,
671,2004-11-01,0.241664053517299,0.2786024,0.492002559181062,0.4157832744405182,348.625,2804476.0,
672,2004-10-01,0.251907599038361,0.2786024,0.4875239923224568,0.4110718492343934,341.0,3483822.0,
673,2004-10-01,0.251907599038361,0.2786024,0.4875239923224568,0.4110718492343934,341.0,4633705.0,
674,2004-10-01,0.251907599038361,0.2786024,0.4875239923224568,0.4110718492343934,341.0,30379264.0,
675,2004-10-01,0.251907599038361,0.2786024,0.4875239923224568,0.4110718492343934,341.0,1585093.0,
676,2004-10-01,0.251907599038361,0.2786024,0.4875239923224568,0.4110718492343934,341.0,2804476.0,
677,2004-09-01,0.2634054562558796,0.2786024,0.4913627639155469,0.4157832744405182,346.96875,3483822.0,
678,2004-09-01,0.2634054562558796,0.2786024,0.4913627639155469,0.4157832744405182,346.96875,4633705.0,
679,2004-09-01,0.2634054562558796,0.2786024,0.4913627639155469,0.4157832744405182,346.96875,30379264.0,
680,2004-09-01,0.2634054562558796,0.2786024,0.4913627639155469,0.4157832744405182,346.96875,1585093.0,
681,2004-09-01,0.2634054562558796,0.2786024,0.4913627639155469,0.4157832744405182,346.96875,2804476.0,
682,2004-08-01,0.2629873523570607,0.2786024,0.4856046065259117,0.4093050647820965,329.75,3483822.0,
683,2004-08-01,0.2629873523570607,0.2786024,0.4856046065259117,0.4093050647820965,329.75,4633705.0,
684,2004-08-01,0.2629873523570607,0.2786024,0.4856046065259117,0.4093050647820965,329.75,30379264.0,
685,2004-08-01,0.2629873523570607,0.2786024,0.4856046065259117,0.4093050647820965,329.75,1585093.0,
686,2004-08-01,0.2629873523570607,0.2786024,0.4856046065259117,0.4093050647820965,329.75,2804476.0,
687,2004-07-01,0.2900595798055817,0.2786024,0.493282149712092,0.4204946996466431,359.34375,3483822.0,
688,2004-07-01,0.2900595798055817,0.2786024,0.493282149712092,0.4204946996466431,359.34375,4633705.0,
689,2004-07-01,0.2900595798055817,0.2786024,0.493282149712092,0.4204946996466431,359.34375,30379264.0,
690,2004-07-01,0.2900595798055817,0.2786024,0.493282149712092,0.4204946996466431,359.34375,1585093.0,
691,2004-07-01,0.2900595798055817,0.2786024,0.493282149712092,0.4204946996466431,359.34375,2804476.0,
692,2004-06-01,0.2993623915543012,0.2786024,0.4977607165706973,0.4599528857479387,372.125,3483822.0,
693,2004-06-01,0.2993623915543012,0.2786024,0.4977607165706973,0.4599528857479387,372.125,4633705.0,
694,2004-06-01,0.2993623915543012,0.2786024,0.4977607165706973,0.4599528857479387,372.125,30379264.0,
695,2004-06-01,0.2993623915543012,0.2786024,0.4977607165706973,0.4599528857479387,372.125,1585093.0,
696,2004-06-01,0.2993623915543012,0.2786024,0.4977607165706973,0.4599528857479387,372.125,2804476.0,
697,2004-05-01,0.3287341904463259,0.2786024,0.4996801023672424,0.4770318021201413,394.975,3483822.0,
698,2004-05-01,0.3287341904463259,0.2786024,0.4996801023672424,0.4770318021201413,394.975,4633705.0,
699,2004-05-01,0.3287341904463259,0.2786024,0.4996801023672424,0.4770318021201413,394.975,30379264.0,
700,2004-05-01,0.3287341904463259,0.2786024,0.4996801023672424,0.4770318021201413,394.975,1585093.0,
701,2004-05-01,0.3287341904463259,0.2786024,0.4996801023672424,0.4770318021201413,394.975,2804476.0,
702,2004-04-01,0.3329152294345144,0.2786024,0.5060780550223928,0.4870435806831566,401.53125,3483822.0,
703,2004-04-01,0.3329152294345144,0.2786024,0.5060780550223928,0.4870435806831566,401.53125,4633705.0,
704,2004-04-01,0.3329152294345144,0.2786024,0.5060780550223928,0.4870435806831566,401.53125,30379264.0,
705,2004-04-01,0.3329152294345144,0.2786024,0.5060780550223928,0.4870435806831566,401.53125,1585093.0,
706,2004-04-01,0.3329152294345144,0.2786024,0.5060780550223928,0.4870435806831566,401.53125,2804476.0,
707,2004-03-01,0.3194313786976063,0.2786024,0.5015994881637876,0.4746760895170788,395.5,3483822.0,
708,2004-03-01,0.3194313786976063,0.2786024,0.5015994881637876,0.4746760895170788,395.5,4633705.0,
709,2004-03-01,0.3194313786976063,0.2786024,0.5015994881637876,0.4746760895170788,395.5,30379264.0,
710,2004-03-01,0.3194313786976063,0.2786024,0.5015994881637876,0.4746760895170788,395.5,1585093.0,
711,2004-03-01,0.3194313786976063,0.2786024,0.5015994881637876,0.4746760895170788,395.5,2804476.0,
712,2004-02-01,0.3146231838611895,0.2786024,0.4894433781190019,0.4676089517078916,385.575,3483822.0,
713,2004-02-01,0.3146231838611895,0.2786024,0.4894433781190019,0.4676089517078916,385.575,4633705.0,
714,2004-02-01,0.3146231838611895,0.2786024,0.4894433781190019,0.4676089517078916,385.575,30379264.0,
715,2004-02-01,0.3146231838611895,0.2786024,0.4894433781190019,0.4676089517078916,385.575,1585093.0,
716,2004-02-01,0.3146231838611895,0.2786024,0.4894433781190019,0.4676089517078916,385.575,2804476.0,
717,2004-01-01,0.3355283788021323,0.2786024,0.4836852207293665,0.4634864546525323,397.625,3483822.0,
718,2004-01-01,0.3355283788021323,0.2786024,0.4836852207293665,0.4634864546525323,397.625,4633705.0,
719,2004-01-01,0.3355283788021323,0.2786024,0.4836852207293665,0.4634864546525323,397.625,30379264.0,
720,2004-01-01,0.3355283788021323,0.2786024,0.4836852207293665,0.4634864546525323,397.625,1585093.0,
721,2004-01-01,0.3355283788021323,0.2786024,0.4836852207293665,0.4634864546525323,397.625,2804476.0,
722,2003-12-01,0.3393540294763248,0.284869,0.5022392834293026,0.4858657243816254,390.0625,2936474.0,1.0
723,2003-12-01,0.3393540294763248,0.284869,0.5022392834293026,0.4858657243816254,390.0625,4662039.0,1.0
724,2003-12-01,0.3393540294763248,0.284869,0.5022392834293026,0.4858657243816254,390.0625,25606338.0,1.0
725,2003-12-01,0.3393540294763248,0.284869,0.5022392834293026,0.4858657243816254,390.0625,1607251.0,1.0
726,2003-12-01,0.3393540294763248,0.284869,0.5022392834293026,0.4858657243816254,390.0625,2363861.0,1.0
727,2003-11-01,0.3444130866520331,0.284869,0.4964811260396672,0.4793875147232038,385.875,2936474.0,1.0
728,2003-11-01,0.3444130866520331,0.284869,0.4964811260396672,0.4793875147232038,385.875,4662039.0,1.0
729,2003-11-01,0.3444130866520331,0.284869,0.4964811260396672,0.4793875147232038,385.875,25606338.0,1.0
730,2003-11-01,0.3444130866520331,0.284869,0.4964811260396672,0.4793875147232038,385.875,1607251.0,1.0
731,2003-11-01,0.3444130866520331,0.284869,0.4964811260396672,0.4793875147232038,385.875,2363861.0,1.0
732,2003-10-01,0.3093968851259538,0.284869,0.4849648112603966,0.4481743227326265,348.8125,2936474.0,1.0
733,2003-10-01,0.3093968851259538,0.284869,0.4849648112603966,0.4481743227326265,348.8125,4662039.0,1.0
734,2003-10-01,0.3093968851259538,0.284869,0.4849648112603966,0.4481743227326265,348.8125,25606338.0,1.0
735,2003-10-01,0.3093968851259538,0.284869,0.4849648112603966,0.4481743227326265,348.8125,1607251.0,1.0
736,2003-10-01,0.3093968851259538,0.284869,0.4849648112603966,0.4481743227326265,348.8125,2363861.0,1.0
737,2003-09-01,0.317340859203512,0.284869,0.4721689059500959,0.4481743227326265,348.03125,2936474.0,1.0
738,2003-09-01,0.317340859203512,0.284869,0.4721689059500959,0.4481743227326265,348.03125,4662039.0,1.0
739,2003-09-01,0.317340859203512,0.284869,0.4721689059500959,0.4481743227326265,348.03125,25606338.0,1.0
740,2003-09-01,0.317340859203512,0.284869,0.4721689059500959,0.4481743227326265,348.03125,1607251.0,1.0
741,2003-09-01,0.317340859203512,0.284869,0.4721689059500959,0.4481743227326265,348.03125,2363861.0,1.0
742,2003-08-01,0.3202675864952438,0.284869,0.4632117722328854,0.4434628975265017,361.75,2936474.0,1.0
743,2003-08-01,0.3202675864952438,0.284869,0.4632117722328854,0.4434628975265017,361.75,4662039.0,1.0
744,2003-08-01,0.3202675864952438,0.284869,0.4632117722328854,0.4434628975265017,361.75,25606338.0,1.0
745,2003-08-01,0.3202675864952438,0.284869,0.4632117722328854,0.4434628975265017,361.75,1607251.0,1.0
746,2003-08-01,0.3202675864952438,0.284869,0.4632117722328854,0.4434628975265017,361.75,2363861.0,1.0
747,2003-07-01,0.2968537681613881,0.284869,0.45617402431222,0.4181389870435806,320.8125,2936474.0,1.0
748,2003-07-01,0.2968537681613881,0.284869,0.45617402431222,0.4181389870435806,320.8125,4662039.0,1.0
749,2003-07-01,0.2968537681613881,0.284869,0.45617402431222,0.4181389870435806,320.8125,25606338.0,1.0
750,2003-07-01,0.2968537681613881,0.284869,0.45617402431222,0.4181389870435806,320.8125,1607251.0,1.0
751,2003-07-01,0.2968537681613881,0.284869,0.45617402431222,0.4181389870435806,320.8125,2363861.0,1.0
752,2003-06-01,0.3303020800668966,0.284869,0.4504158669225848,0.4269729093050647,315.45,2936474.0,1.0
753,2003-06-01,0.3303020800668966,0.284869,0.4504158669225848,0.4269729093050647,315.45,4662039.0,1.0
754,2003-06-01,0.3303020800668966,0.284869,0.4504158669225848,0.4269729093050647,315.45,25606338.0,1.0
755,2003-06-01,0.3303020800668966,0.284869,0.4504158669225848,0.4269729093050647,315.45,1607251.0,1.0
756,2003-06-01,0.3303020800668966,0.284869,0.4504158669225848,0.4269729093050647,315.45,2363861.0,1.0
757,2003-05-01,0.3276889306992788,0.284869,0.4523352527191299,0.4305064782096583,344.21875,2936474.0,1.0
758,2003-05-01,0.3276889306992788,0.284869,0.4523352527191299,0.4305064782096583,344.21875,4662039.0,1.0
759,2003-05-01,0.3276889306992788,0.284869,0.4523352527191299,0.4305064782096583,344.21875,25606338.0,1.0
760,2003-05-01,0.3276889306992788,0.284869,0.4523352527191299,0.4305064782096583,344.21875,1607251.0,1.0
761,2003-05-01,0.3276889306992788,0.284869,0.4523352527191299,0.4305064782096583,344.21875,2363861.0,1.0
762,2003-04-01,0.2981080798578447,0.284869,0.4465770953294945,0.4175500588928151,321.3125,2936474.0,1.0
763,2003-04-01,0.2981080798578447,0.284869,0.4465770953294945,0.4175500588928151,321.3125,4662039.0,1.0
764,2003-04-01,0.2981080798578447,0.284869,0.4465770953294945,0.4175500588928151,321.3125,25606338.0,1.0
765,2003-04-01,0.2981080798578447,0.284869,0.4465770953294945,0.4175500588928151,321.3125,1607251.0,1.0
766,2003-04-01,0.2981080798578447,0.284869,0.4465770953294945,0.4175500588928151,321.3125,2363861.0,1.0
767,2003-03-01,0.3120100344935716,0.284869,0.4465770953294945,0.4181389870435806,334.4,2936474.0,1.0
768,2003-03-01,0.3120100344935716,0.284869,0.4465770953294945,0.4181389870435806,334.4,4662039.0,1.0
769,2003-03-01,0.3120100344935716,0.284869,0.4465770953294945,0.4181389870435806,334.4,25606338.0,1.0
770,2003-03-01,0.3120100344935716,0.284869,0.4465770953294945,0.4181389870435806,334.4,1607251.0,1.0
771,2003-03-01,0.3120100344935716,0.284869,0.4465770953294945,0.4181389870435806,334.4,2363861.0,1.0
772,2003-02-01,0.3052158461377652,0.284869,0.4542546385156749,0.428150765606596,355.5,2936474.0,1.0
773,2003-02-01,0.3052158461377652,0.284869,0.4542546385156749,0.428150765606596,355.5,4662039.0,1.0
774,2003-02-01,0.3052158461377652,0.284869,0.4542546385156749,0.428150765606596,355.5,25606338.0,1.0
775,2003-02-01,0.3052158461377652,0.284869,0.4542546385156749,0.428150765606596,355.5,1607251.0,1.0
776,2003-02-01,0.3052158461377652,0.284869,0.4542546385156749,0.428150765606596,355.5,2363861.0,1.0
777,2003-01-01,0.2879690603114874,0.284869,0.4497760716570697,0.4293286219081272,349.53125,2936474.0,1.0
778,2003-01-01,0.2879690603114874,0.284869,0.4497760716570697,0.4293286219081272,349.53125,4662039.0,1.0
779,2003-01-01,0.2879690603114874,0.284869,0.4497760716570697,0.4293286219081272,349.53125,25606338.0,1.0
780,2003-01-01,0.2879690603114874,0.284869,0.4497760716570697,0.4293286219081272,349.53125,1607251.0,1.0
781,2003-01-01,0.2879690603114874,0.284869,0.4497760716570697,0.4293286219081272,349.53125,2363861.0,1.0
782,2002-12-01,0.2717675342322567,0.2923933,0.4708893154190658,0.4658421672555947,388.275,3653782.0,1.0
783,2002-12-01,0.2717675342322567,0.2923933,0.4708893154190658,0.4658421672555947,388.275,6109417.0,1.0
784,2002-12-01,0.2717675342322567,0.2923933,0.4708893154190658,0.4658421672555947,388.275,31861336.0,1.0
785,2002-12-01,0.2717675342322567,0.2923933,0.4708893154190658,0.4658421672555947,388.275,1994419.0,1.0
786,2002-12-01,0.2717675342322567,0.2923933,0.4708893154190658,0.4658421672555947,388.275,2941294.0,1.0
787,2002-11-01,0.284833281070346,0.2923933,0.4760076775431862,0.4905771495877502,428.25,3653782.0,1.0
788,2002-11-01,0.284833281070346,0.2923933,0.4760076775431862,0.4905771495877502,428.25,6109417.0,1.0
789,2002-11-01,0.284833281070346,0.2923933,0.4760076775431862,0.4905771495877502,428.25,31861336.0,1.0
790,2002-11-01,0.284833281070346,0.2923933,0.4760076775431862,0.4905771495877502,428.25,1994419.0,1.0
791,2002-11-01,0.284833281070346,0.2923933,0.4760076775431862,0.4905771495877502,428.25,2941294.0,1.0
